,geometry,geo_names
0,POINT Z (542300.8410042864 4985367.890990298 0),ANDERSEN CORP
1,POINT Z (542210.4105705898 4984745.174006095 0),XCEL ENERGY A S KING GENERATING PLANT
2,POINT Z (489744.4029225176 5020807.318728867 0),CAMBRIDGE METALS and PLASTICS
3,POINT Z (489719.7770615144 5020118.574684268 0),CANADIAN HARVEST USA
4,POINT Z (490168.237286967 5021295.459080696 0),ARROW TANK and ENGINEERING CO
5,POINT Z (490144.1277850209 5020906.666641817 0),TEAM INDUSTRIES-CAMBRIDGE
6,POINT Z (536599.1819000769 4906518.255888615 0),BERGQUIST CO
7,POINT Z (536583.4795366834 4906473.737079866 0),CANNON EQUIPMENT MIDWEST
8,POINT Z (536543.1057531877 4906562.373352268 0),GEMINI - CANNON FALLS
9,POINT Z (536663.1097689831 4906496.39839104 0),AMESBURY GROUP INC
10,POINT Z (536585.4706615556 4924579.629778071 0),LSP - COTTAGE GROVE LP
11,POINT Z (536467.2288090208 4924390.128770629 0),3M COTTAGE GROVE CENTER
12,POINT Z (487609.3876468608 4891210.612127488 0),BEATRICE CHEESE INC
13,POINT Z (486122.420228701 4891169.154785122 0),CROWN AEROSOL PACKAGING
14,POINT Z (487193.4428666309 4891078.123461613 0),JENNIE-O TURKEY STORE INC
15,POINT Z (486015.0675764502 4893313.069853482 0),NORTHERN TOOL and EQUIPMENT
16,POINT Z (487057.7836340483 4891200.567959263 0),K and G MANUFACTURING CO
17,POINT Z (485375.7810456631 4893325.569284729 0),PROTIENT INC
18,POINT Z (487020.4466991422 4892533.502650589 0),DAIKIN APPLIED
19,POINT Z (491835.2296442501 4914440.562313127 0),DUO PLASTICS INC
20,POINT Z (491994.6785179311 4914551.440202137 0),VALMONT INDUSTRIES INC
21,POINT Z (493356.7101644177 4914483.266033921 0),KEMPS LLC
22,POINT Z (539390.4556041715 4921074.747773041 0),CONAGRA FOODS GRAIN PROCESSING CO
23,POINT Z (539461.5195068523 4919853.292728658 0),CURTIS ELECTRONICS CORP
24,POINT Z (539715.2296214805 4921321.098003039 0),INTEK PLASTICS INC
25,POINT Z (539590.3428568064 4920920.447175852 0),INTEK PLASTICS INC
26,POINT Z (499071.5095405748 4993448.30757415 0),AD GRAPHICS
27,POINT Z (499889.8180079111 4992170.716637047 0),LOAD MASTER LUBRICANTS
28,POINT Z (567608.800159097 4901244.311954814 0),FEDERAL-MOGUL POWERTRAIN SYSTEMS
29,POINT Z (563834.7950909521 4899406.903955533 0),LAND O'LAKES
30,POINT Z (567849.7602688746 4901102.391999373 0),VALLEY CRAFT INC
31,POINT Z (489317.5996420995 4914144.294320427 0),UNIVAR USA INC LAKEVILLE
32,POINT Z (493260.1941190806 4913583.654857542 0),CROWN CORK and SEAL CO INC
33,POINT Z (489405.135431354 4914088.613852574 0),HITCHCOCK INDUSTRIES INC LAKEVILLE OPERATIONS
34,POINT Z (488847.5109550557 4914089.543004932 0),ROTADYNE ROLL GROUP
35,POINT Z (494406.9192726169 4913027.195632908 0),MENASHA CORP
36,POINT Z (480387.3473877653 4903412.933921933 0),TELAMCO INC
37,POINT Z (487366.0226795443 5041953.254229001 0),BWHC/BLUEWATER
38,POINT Z (487366.0226795443 5041953.254229001 0),FORRESTER BOX CO INC
39,POINT Z (487231.9226469679 5041286.937355595 0),ENGINEERED POLYMERS CORP
40,POINT Z (533346.655984179 5018976.221597595 0),CHINOOK GROUP INC
41,POINT Z (498361.6785519052 5017433.059541808 0),PRODUCT FABRICATORS INC
42,POINT Z (491147.9407699791 4901001.467545497 0),FMC FOODTECH INC
43,POINT Z (492019.2393016389 4902033.328953249 0),MOM BRANDS
44,POINT Z (492626.9275983087 4903054.491416735 0),MULTEK FLEXIBLE CIRCUITS INC
45,POINT Z (489222.469814739 4875491.347239077 0),CATERPILLAR FOREST PRODUCTS
46,POINT Z (489225.6417525839 4877435.047967609 0),CROWN FOOD PACKAGING
47,POINT Z (489455.3443045922 4875801.963881227 0),JOSTENS INC - SOUTHTOWN
48,POINT Z (487800.1930543911 4877681.880649764 0),LAND O'LAKES FARMLAND FEED
49,POINT Z (413924.3247181843 5259795.393919357 0),DAIKIN APPLIED OWATONNA MN
50,POINT Z (487964.0680610266 4879691.935497228 0),MUSTANG MFG CO INC
51,POINT Z (487824.142242021 4877637.408747852 0),NATIONAL COMPUTER SYSTEMS INC
52,POINT Z (487684.2878864081 4879959.01893252 0),SLIDELL INC
53,POINT Z (488641.6078176533 4877869.196734802 0),BOSCH AUTOMOTIVE SERVICE SOLUTIONS LLC
54,POINT Z (487832.4188424776 4877781.783461585 0),LEE HOLDINGS
55,POINT Z (488424.5741675881 4877436.404046599 0),TRUTH HARDWARE PAINT PLANT
56,POINT Z (488488.85325913 4877547.360777953 0),TRUTH HARDWARE CORP-OWATONNA
57,POINT Z (487960.5221961996 4877748.227792623 0),VIRACON INC
58,POINT Z (488392.92207092 4877658.59792168 0),WENGER CORP
59,POINT Z (532819.0597459534 5037471.316336656 0),3M CO PINE CITY PLANT
60,POINT Z (550775.7964245698 4910167.531396755 0),CARLISLE POWER TRANSMISSION PRODUCTS
61,POINT Z (554923.56498735 4909867.833202419 0),ADM CO
62,POINT Z (554548.5336322415 4909909.124746665 0),RED WING SHOE CO INC PLANT 1
63,POINT Z (551629.3175223074 4910096.46282563 0),RED WING SHOE PLANT 2
64,POINT Z (554611.7482012573 4909976.302196763 0),RIVERA CABINETS
65,POINT Z (552553.8382783682 4908137.687795438 0),S B FOOT TANNING CO
66,POINT Z (556444.3727528024 4908236.76747836 0),USG INTERIORS LLC
67,POINT Z (498806.6230181368 4922444.141733381 0),CONTINENTAL NITROGEN and RESOURCES CORP
68,POINT Z (497452.595884867 4918523.535382196 0),DOLE EXPLOSIVES INC
69,POINT Z (498965.7328888841 4922399.683831152 0),DPC INDUSTRIES INC
70,POINT Z (499084.7154774416 4919867.122777242 0),RAYFO INC
71,POINT Z (499713.5758387289 4922133.023987264 0),SPECTRO ALLOYS CORP
72,POINT Z (498320.6661936909 4919922.813067183 0),WASTEQUIP INC (DBA RAYFO)
73,POINT Z (532617.1790367487 5019094.617687117 0),ZINPRO CORP
74,POINT Z (533000.0489007186 4987590.380966325 0),PLASTECH CORP
75,POINT Z (477239.1855706138 5009652.82176038 0),ALLIANT TECHSYSTEMS PROVING GROUND
76,POINT Z (499769.4774111057 4927997.895121044 0),ST PAUL PARK REFINING CO LLC
77,POINT Z (540780.8325826771 5000011.237648699 0),NICKELSON PLASTICS
78,POINT Z (500000 4929963.968712577 0),DAKOTA PREMIUM FOODS
79,POINT Z (498361.3921158574 4923621.652638727 0),UNION CARBIDE INDUSTRIAL GASES INC
80,POINT Z (498951.0477087069 4929997.376842177 0),TWIN CITY TANNING CO LLP
81,POINT Z (498982.9524710794 4930752.702730545 0),SANIMAX USA LLC
82,POINT Z (498847.9625897373 4931241.469332301 0),WATEROUS CO INC
83,POINT Z (498267.3223342238 4928808.989576128 0),LOFTON LABEL INC
84,POINT Z (498862.5081184286 4923554.899596134 0),LAND O'LAKES PURINA FEED LLC - INVER GROVE HEIGHTS
85,POINT Z (481065.8317552644 5026793.217368167 0),LAND O'LAKES INC DALBO
86,POINT Z (540101.0727696639 4985609.200616159 0),3M CO STILLWATER
87,POINT Z (499960.7248749195 5004390.61806255 0),DIVERSIFIED PRODUCTS INC
88,POINT Z (500000 5005168.256084176 0),SUNRISE FIBERGLASS CORP
89,POINT Z (499952.8699324409 5004401.727225639 0),SUNRISE FIBERGLASS LLC
90,POINT Z (495918.7217675596 4935208.15716261 0),BUCKBEE-MEARS ST PAUL
91,POINT Z (495935.3267562073 4936363.369116872 0),ADVANCE CORP
92,POINT Z (496022.6332681095 4936329.991191598 0),OLIVE STREET SCREEN PRINTING
93,POINT Z (496005.537383194 4934352.795577601 0),DIAL CORP
94,POINT Z (495180.4207674654 4935397.498330844 0),DIAMOND PRODUCTS CO
95,POINT Z (496014.6739189218 4936296.672331563 0),UNIVAR USA INC-ST PAUL
96,POINT Z (494996.7808748216 4934075.798392322 0),EXCEL ENERGY HIGH BRIDGE GENERATING PLANT
97,POINT Z (494495.2790585473 5042165.136246496 0),MBC HOLDING CO
98,POINT Z (495219.4000356811 4934419.974809013 0),TAMOR CORP
99,POINT Z (494996.1810230422 4933298.24774924 0),"NEXEO SOLUTIONS, LLC"
100,POINT Z (493291.8623436535 4936521.077329018 0),GNB INC
101,POINT Z (574482.8855764318 4936023.607858975 0),AAA METAL FINISHING INC
102,POINT Z (492027.4079957007 4934723.02707086 0),CO-OPERATIVE PLATING CO
103,POINT Z (480070.9778357215 4935548.529561134 0),DELUXE BUSINESS SYSTEMS
104,POINT Z (491774.3445063678 4935545.328512647 0),HARCROS CHEMICALS INC
105,POINT Z (486341.3689366207 5023146.755100626 0),HUOT MANUFACTURING CO
106,POINT Z (492781.7619997883 4934699.927569291 0),LOES ENTERPRISES INC
107,POINT Z (491750.6239984161 4935623.11408214 0),MCGILL JENSEN INC
108,POINT Z (489517.8726156105 4934582.195714981 0),SILGAN CONTAINERS MANUFACTURIN G CORP
109,POINT Z (491624.535833983 4936356.398863447 0),PLATING INC
110,POINT Z (492782.5040183038 4935366.400974072 0),RAYVEN INC
111,POINT Z (494204.1286890907 4935764.858707028 0),SPARTAN MFG CO INC
112,POINT Z (493449.7928777195 4935687.821745477 0),ST PAUL BRASS FOUNDRY CO
113,POINT Z (534542.3280150375 4925901.422827657 0),ADVANCE CORP
114,POINT Z (498174.1007381111 4936462.322834278 0),ADVANCE CORP
115,POINT Z (497531.0074001301 4936307.025135027 0),GLOBE BUILDING MATERIALS INC
116,POINT Z (497585.8598935789 4934374.230411662 0),FLINT HILLS RESOURCES PINE BEND LLC ST PAUL
117,POINT Z (495180.4207674654 4935397.498330844 0),NOBLES MANUFACTURING INC
118,POINT Z (497261.0900737604 4936318.241507152 0),NORTHERN IRON and MACHINE
119,POINT Z (498077.8849470516 4933252.171081954 0),PM AG PRODS INC
120,POINT Z (496762.0451679619 5046829.678978633 0),STROH BREWERY CO
121,POINT Z (497569.9940437024 4934418.667859167 0),HAWKINS TERMINAL I
122,POINT Z (496593.2211049906 4934407.999596395 0),BROWN and BIGELOW INC
123,POINT Z (496442.15529482 4934074.844343179 0),SEACOLE - CandH
124,POINT Z (496667.3600255292 4985339.652651188 0),MOLEX COPPER FLEX PRODUCTS
125,POINT Z (495798.9850072248 4934230.739408372 0),AUTOMATIC PRODUCTS INTERNATIONAL LTD
126,POINT Z (495640.0817809606 4934119.765500081 0),J and L WIRE CLOTH CO INC
127,POINT Z (495592.5078987543 4934230.876459805 0),AMERICRAFT CARTON INC
128,POINT Z (495663.9138980666 4934130.857400008 0),MODINE N CENTRAL INC
129,POINT Z (495949.8651871964 4934219.535537283 0),REXAM BEVERAGE CAN CO
130,POINT Z (495791.1228878386 4934352.931204337 0),3M CO
131,POINT Z (496537.5021542458 4934163.655750375 0),VIKING DRILL and TOOL INC
132,POINT Z (491775.8106244841 4936700.551078061 0),GENERAL FOAM OF MINNESOTA INC
133,POINT Z (490799.2761691682 4936624.108530999 0),H B FULLER CO
134,POINT Z (492778.5544743076 4888548.300934021 0),LITHO SPECIALTIES INC
135,POINT Z (490339.0252206089 4936746.965776267 0),IVC NORTH INC (DBA TI KROMATIC INDUSTRIAL)
136,POINT Z (413412.2994983833 4937018.376557616 0),ETA SYS INC MFG
137,POINT Z (491029.508110056 4936634.893651378 0),BRENNTAG GREAT LAKES LLC
138,POINT Z (499211.9841451381 4984061.323302939 0),HYDROSTREAM BOATS
139,POINT Z (498975.7719246408 4985261.103216724 0),PROLIANCE INTERNATIONAL INC.
140,POINT Z (453044.4590153971 4983478.524126358 0),GE SECURITY
141,POINT Z (497550.5973011051 4987516.576386584 0),ACCU-TRONICS MANUFACTURING INC
142,POINT Z (498070.473461206 4987738.574212075 0),CONTAINER GRAPHICS CORP
143,POINT Z (497999.3071532725 4986827.67374384 0),CORTEC CORP
144,POINT Z (499937.0374337902 4992026.300381649 0),DYNA GLASS INC
145,POINT Z (497486.8681315967 4985683.649451955 0),HB FULLER PILOT FACILITY
146,POINT Z (498376.4048949219 4982950.606829194 0),3M CO OPTICAL RECORDING DEPT
147,POINT Z (498802.6515862686 4986383.120469442 0),NORDIC PAK INC
148,POINT Z (497620.8133576886 4985728.033232316 0),INTERPLASTIC CORP
149,POINT Z (498921.0007900461 4987505.088459093 0),UFP WHITE BEAR LAKE LLC
150,POINT Z (498187.6266104614 4984283.707023546 0),SAPUTO DAIRY FOODS USA
151,POINT Z (499724.3888889219 4988560.341210032 0),ASPEN RESEARCH CORPORATION
152,POINT Z (497637.6149313524 4988549.664130848 0),TRANE US INC
153,POINT Z (492035.416005505 4992175.696544889 0),WILSON TOOL INTL INC
154,POINT Z (489558.3709228483 4930138.981546346 0),NORTHWEST AIRLINES INC
155,POINT Z (491195.0431482974 4987733.252400835 0),BELL LUMBER and POLE CO
156,POINT Z (491019.0425058684 4985789.454104246 0),BASIC INDUSTRIES
157,POINT Z (492753.4969529053 4986920.346802062 0),BOSTON SCIENTIFIC-CRM
158,POINT Z (491826.3328276682 4988698.881326175 0),US ARMY TCAAP ALLIANT AMMUNITION SYSTEMS CO LLC
159,POINT Z (491273.6930585566 4987655.38243 0),"DARLING and CO, KEM MILLING CO DIV"
160,POINT Z (490941.3821457682 4986578.289512841 0),MICOM CORP
161,POINT Z (491180.5520261983 4988644.197777079 0),E/M CORP
162,POINT Z (491659.5746859855 4987632.648384993 0),"CELESTICA, INC."
163,POINT Z (492729.1580149325 4986298.281074093 0),INTERNATIONAL PAPER CO
164,POINT Z (492752.9668972518 4986453.777281188 0),PHARMACIA DELTEC INC
165,POINT Z (492046.6507949441 4988565.296449306 0),US ARMY TWIN CITIES ARMY AMMUNITION PLANT
166,POINT Z (491224.803457819 4986466.805170719 0),MACGILLIS and GIBBS CO
167,POINT Z (491120.8850151252 4985378.28596214 0),TREND SCIENTIFIC INC
168,POINT Z (491263.3223693917 4985833.550160561 0),TRAN ELECTRONICS CORP
169,POINT Z (412606.3782789768 4990214.937043466 0),TWIN CITIES ARMY AMMUNITION PLANT FEDERAL CARTRIDGE CO
170,POINT Z (491273.3586286745 4987410.988544879 0),AQSEPTENCE GROUP INC
171,POINT Z (491105.7628087192 4985833.767848316 0),WOLKERSTORFER CO INC
172,POINT Z (490511.3150958963 4983412.908756474 0),DELUXE BUSINESS SYS
173,POINT Z (491844.3197417442 4984288.659584277 0),HONEYWELL ELECTRONIC MATERIALS INC
174,POINT Z (491253.2523132762 4984233.898213113 0),LUBRICATION TECHNOLOGIES INC
175,POINT Z (491038.8566744307 4983067.775078279 0),TESORO REFINING and MARKETING ROSEVILLE TERMINAL
176,POINT Z (490898.7019472951 4984267.720185187 0),BRENNTAG GREAT LAKES LLC
177,POINT Z (490369.4744345204 4983424.22987383 0),UNICIRCUIT ROSEVILLE
178,POINT Z (495074.9780369516 4984163.153224319 0),WM LAMPTRACKER INC
179,POINT Z (492131.2308061227 4993286.469557359 0),ATandT NCR NETWORK PRODUCTS DIV
180,POINT Z (490322.1213647702 4983379.866405108 0),UNISYS CORP
181,POINT Z (490543.8097324988 4984068.278020132 0),DIMENSION IMAGING
182,POINT Z (491773.357835186 4984255.424317185 0),RAMSEY TECHNOLOGY INC
183,POINT Z (491070.8793257748 4983423.21052102 0),ARTISTIC FINISHES INC
184,POINT Z (495121.4604496922 4983118.894931804 0),AGROPUR INC
185,POINT Z (490457.1445935816 4984079.515755622 0),EVOQUA WATER TECHNOLOGIES LLC
186,POINT Z (490920.8569023909 4983223.46436609 0),STONE CONTAINER CORP
187,POINT Z (495674.2952613179 4937785.353246168 0),SAINT PAUL REGIONAL WATER SERVICES
188,POINT Z (490435.2855048791 4985268.188744156 0),WILLAMETTE INDUSTRIES INC
189,POINT Z (490949.7974419216 4936401.737795251 0),FISHER NUT CO
190,POINT Z (493304.5557925884 4917993.311907399 0),DIXIE PETRO-CHEM INC
191,POINT Z (490313.5002398469 4935602.88656975 0),SAMINA SCI
192,POINT Z (490972.6390627907 4935701.906368747 0),TETRA PAK EQUIPUS INC
193,POINT Z (491037.1854137903 4936446.048083087 0),MIXON INC
194,POINT Z (491083.5799864854 4935546.241902641 0),NOR-LAKES SERVICES MIDWEST INC
195,POINT Z (490861.4528981809 4935679.846329891 0),SEWALL GEAR MFG CO
196,POINT Z (490956.6203204669 4935601.957394694 0),WESTROCK MN CORP
197,POINT Z (490904.5117159036 4932414.064724373 0),FORD MOTOR CO. TWIN CITIES ASSEMBLY PLANT
198,POINT Z (490881.53944337 4933025.02989827 0),MULTI-CLEAN INC
199,POINT Z (492055.6621980403 4931857.160345957 0),LORAL DEFENSE SYS-EAGAN
200,POINT Z (492818.6382553416 4932145.075282183 0),QUEBECOR PRINTING ST PAUL
201,POINT Z (494276.2714072824 4936542.348884015 0),CONTAINER CORP OF AMERICA
202,POINT Z (495610.128835341 4936796.790220498 0),SPLASH PRODUCTS
203,POINT Z (494125.5186207767 4936631.34720915 0),ELECTRO-PLATING ENG INC
204,POINT Z (496798.0099577495 4930997.784769048 0),MULTI-ARC SCIENTIFIC COATINGS INC
205,POINT Z (496702.6709832315 4931008.940319941 0),FLINT INK NA CORP
206,POINT Z (496583.5254943711 4931075.648872804 0),TAPEMARK CO
207,POINT Z (499197.5600884981 4931352.494941184 0),HAWKINS WATER TREATMENT GROUP - RED ROCK
208,POINT Z (499761.6290775759 4930741.519622801 0),GERDAU AMERISTEEL ST PAUL MILL
209,POINT Z (492021.4823913805 4929902.223513174 0),APPLIED COATING TECHNOLGY INC PLANT 2
210,POINT Z (494045.2012209707 4926956.489757501 0),BO-DECOR METAL FINISHING INC
211,POINT Z (494236.8564292575 4927911.584793858 0),BROWN MINNEAPOLIS TANK
212,POINT Z (494849.6113246291 4928755.26140708 0),ECOLAB ENGINEERING CENTER
213,POINT Z (494762.0117131729 4928544.283538572 0),CRAY RESEARCH INC
214,POINT Z (494379.5378655812 4927444.933505956 0),GOPHER RESOURCE LLC
215,POINT Z (493545.3674699171 4928001.097136677 0),HILEX CORP (DBA KIK MINNESOTA INC)
216,POINT Z (490552.8053880659 4483760.201887625 0),LULL INDUSTRIES
217,POINT Z (492774.8897523815 4928523.974120264 0),MIDWEST COCA-COLA BOTTLING CO
218,POINT Z (492774.8897523815 4928523.974120264 0),MIDWEST COCA-COLA BOTTLING CO
219,POINT Z (493196.3535882521 4928712.351463763 0),MATERIALS PROCESSING CORP
220,POINT Z (492034.6793792098 4927702.863444614 0),UNISYS CORP SEMICONDUCTOR OPERATIONS
221,POINT Z (492846.7924589134 4928857.128310226 0),UNISYS MATERIALS MANAGEMENT CENTER CSD
222,POINT Z (492050.2249183654 4927414.04224773 0),PARAMAX SYSTEMS CORP UNISYS PARK CSD
223,POINT Z (493442.7809666281 4928745.421407013 0),PEPSI-COLA BOTTLING CO EAGAN
224,POINT Z (492775.5816111773 4929146.00986376 0),ERGOTRON INC.
225,POINT Z (490994.9988615264 4928926.07836212 0),SAFETY-KLEEN SYSTEMS EAGAN (EAB)
226,POINT Z (492791.0577802396 4928768.327571253 0),W.R. GRACE and CO. - CONN. GRACE CONSTRUCTION PRODUCTS
227,POINT Z (491176.3077306179 4927826.157962532 0),WATER HEATER INNOVATIONS INC.
228,POINT Z (490324.0488378994 4926694.377818923 0),FINISHING EQUIPMENT INC
229,POINT Z (493403.1530530439 4928856.539450001 0),ROSEMOUNT INC
230,POINT Z (494816.2151294361 4926744.781776225 0),MICROPARTS INC
231,POINT Z (494847.8414083858 4926522.601644195 0),WEST PUBLISHING CO
232,POINT Z (491094.4150799973 4920261.913828771 0),HANSON PIPE and PRODUCTS INC
233,POINT Z (533796.4500151153 4933228.848026759 0),ECOWATER SYSTEMS INC.
234,POINT Z (533073.7717687009 4933202.906772217 0),DEAN FOODS NORTH CENTRAL LLC-WOODBURY
235,POINT Z (493266.0411695288 4987453.008413732 0),"CONTROL DATA CORP, ARDEN HILLS"
236,POINT Z (493415.0653772171 4986852.976615032 0),DELUXE CHECK PRINTERS INC
237,POINT Z (494382.9918897555 4985818.932345711 0),MINUTEMAN INTERNATIONAL MULTI-CLEAN DIV
238,POINT Z (496818.2168582911 4987672.423178802 0),ELECTRONIC INDUSTRIES INC
239,POINT Z (497520.3862497237 4990838.132311742 0),SCHWING AMERICA INC
240,POINT Z (496062.6709695658 4988517.115789368 0),SERVTRON CO
241,POINT Z (533137.5681431184 4937813.132033073 0),H B FULLER CO INDUSTRIAL COATINGS DIV
242,POINT Z (500000 4935351.275065112 0),3M CO CENTER PILOT PLANTS
243,POINT Z (497221.1623625741 4935773.970925658 0),3M CO - ST. PAUL EASTSIDE SITE
244,POINT Z (496022.6332681095 4936329.991191598 0),3M CO ST PAUL INDUSTRIAL ABRASIVES
245,POINT Z (492063.2537126133 4938055.36227548 0),H M SMYTH CO INC
246,POINT Z (499005.4699650122 4922121.985997402 0),FLINT HILLS RESOURCES LP
247,POINT Z (498210.0781138861 4922966.339128313 0),FLINT HILLS RESOURCES PINE BEND LLC
248,POINT Z (490424.1913425021 4983124.210980234 0),PAPER CALMENSON and CO
249,POINT Z (480930.5600073679 4997420.517758056 0),BALLANTINE - DIV OF US TSUBAKI
250,POINT Z (480845.0302096921 4997742.938491441 0),FIRESTONE METAL PRODUCTS
251,POINT Z (482569.6557462935 4995804.999419804 0),FEDERAL CARTRIDGE CO
252,POINT Z (482602.7898610097 4996415.906258045 0),NVENT HOFFMAN
253,POINT Z (482484.5712429727 4996327.35834794 0),NVENT HOFFMAN
254,POINT Z (463780.8536502619 5008682.302853283 0),LIFE FITNESS A DIV OF BRUNSWICK CORP
255,POINT Z (463780.8536502619 5008682.302853283 0),LIFE FITNESS CONSUMER DIV
256,POINT Z (481911.4666351338 4996695.561595828 0),LAKELAND TOOL and ENGINEERING INC
257,POINT Z (480144.9546972916 4997667.32290735 0),LUND INDUSTRIES INC
258,POINT Z (479477.5713134696 4997980.497489192 0),ALTRON INC
259,POINT Z (481128.1415564376 4997753.200776689 0),MENTOR CORP
260,POINT Z (480663.9042594019 4997654.614114651 0),MATE PRECISION TOOLING
261,POINT Z (479350.4281330273 4997569.872217163 0),AIRGAS NORTH CENTRAL INC
262,POINT Z (481704.4310876355 4995807.429297372 0),PROFESSIONAL PLATING INC
263,POINT Z (480315.438444939 4996855.829151685 0),IMI CORNELIUS INC
264,POINT Z (479202.3663370071 4997981.391999423 0),VISION-EASE LENS INC
265,POINT Z (488996.6114762094 5000734.154722441 0),KNAPP WOODWORKING INC
266,POINT Z (485294.9356491338 4921283.226053385 0),CHART INDUSTRIES INC
267,POINT Z (485217.6834111337 4922305.310797621 0),PRINCESS MARBLE ACQUISITION LLC
268,POINT Z (458944.8511197453 5008634.030151703 0),LIBERTY PAPER INC
269,POINT Z (458074.0085057389 5007528.768017581 0),XCEL ENERGY SHERBURNE COUNTY GENERATING PLANT
270,POINT Z (465816.4894121563 5004771.567589631 0),CARGILL ANIMAL NUTRITION
271,POINT Z (557535.1689272366 4983209.579824335 0),BOSTON SCIENTIFIC WEAVER LAKE CAMPUS
272,POINT Z (458678.9953355452 4994304.472229701 0),HONEYWELL ELECTRONIC MATERIALS INC
273,POINT Z (392384.4918663271 4924022.649626069 0),BUFFALO LAKE ADVANCED BIOFUELS
274,POINT Z (456223.204933003 4967692.096212736 0),PARKER HANNIFIN CORP
275,POINT Z (473465.0219875539 4935572.205945718 0),GENERAL MILLS INC CHANHASSEN PLANT
276,POINT Z (471848.3918884486 4928969.733858293 0),PARKER HANNIFIN CORP
277,POINT Z (475798.9333430832 4929064.892678812 0),PRESS INC
278,POINT Z (473365.310387027 4928685.637285016 0),QUANTUM CONTROLS INC
279,POINT Z (474506.7686154459 4927892.393307777 0),ROBERTS AUTOMATIC PRODUCTS INC
280,POINT Z (474390.9891703534 4928770.376421642 0),EMERSON AUTOMATION SOLUTIONS ROSEMOUNT INC
281,POINT Z (475361.8882517489 4929088.751705714 0),AUTOMATED BUILDING COMPONENTS
282,POINT Z (471839.5771570266 4928769.828189893 0),PROTECH INTERCONNECT SOLUTIONS LLC
283,POINT Z (472717.1618729247 4927655.286131957 0),FSI INTERNATIONAL
284,POINT Z (471378.1159817179 4926861.272252204 0),BECKMAN COULTER INC
285,POINT Z (470948.7839963443 4928640.454962363 0),LIFECORE BIOMEDICAL LLC
286,POINT Z (472598.2934019024 4927744.649991445 0),LAKE REGION MANUFACTURING INC DBA LAKE REGION MEDICAL
287,POINT Z (471102.075947607 4929150.739457102 0),MCLAUGHLIN GORMLEY KING
288,POINT Z (471803.4396032576 4933257.629723416 0),NORTHERN STAR CO
289,POINT Z (471867.8107625282 4927947.71505341 0),SUPER RADIATOR COILS
290,POINT Z (469372.2351478795 4928058.971581808 0),NORDIC TRACK
291,POINT Z (471950.611968758 4928713.807837615 0),PEMSTAR INC.
292,POINT Z (471931.9801331145 4928080.733256695 0),PR INDUSTRIES INC
293,POINT Z (473354.4010365804 4927963.664529937 0),QUALI TECH INC DIV 6
294,POINT Z (473401.8686806667 4927907.930272019 0),QUALITECH INC
295,POINT Z (471158.5955099555 4931138.824905057 0),APEX INTERNATIONAL
296,POINT Z (412543.8461352267 4988526.93425779 0),CTS CORP CONNECTOR DIV
297,POINT Z (402062.8565664721 4989779.358438607 0),POLLOCK MANUFACTURING INC
298,POINT Z (406777.4397810618 4988497.531429028 0),NORTRONICS CO INC
299,POINT Z (472372.5232571807 5004139.719874711 0),TESCOM
300,POINT Z (410706.1750708859 4909291.700268837 0),M G WALDBAUM
301,POINT Z (413122.396029311 4923646.03046646 0),ADM ANIMAL NUTRITION
302,POINT Z (412147.066458176 4923892.431101639 0),MILLER MANUFACTURING CO
303,POINT Z (413272.6549064035 4923577.367754872 0),ASSOCIATED MILK PRODUCERS INC
304,POINT Z (412964.7795676744 4923759.233996493 0),SENECA FOODS
305,POINT Z (486425.2113864849 4925257.339581198 0),XCEL ENERGY BLACK DOG GENERATING PLANT
306,POINT Z (487878.869847342 4924376.955358793 0),BOTTLING GROUP LLC D/B/A PEPSI BEVERAGES CO
307,POINT Z (485358.3441655337 4921172.006112587 0),ROSEMOUNT AEROSPACE INC
308,POINT Z (474603.3003118003 4986355.798261979 0),ALPANA ALUMINUM PRODS
309,POINT Z (472154.9357842389 4986710.394200238 0),QX INC
310,POINT Z (472116.1337109948 4986843.871832159 0),TEMROC METALS INC
311,POINT Z (385644.9192948728 4914515.412280126 0),SCHWEISS DISTRIBUTING INC
312,POINT Z (480303.993279771 5010886.792232996 0),CROWN FIXTURES INC
313,POINT Z (481525.8032767705 4933400.381463637 0),EDCO PRODUCTS INC
314,POINT Z (497990.2717794001 4932463.540089884 0),HONEYWELL ADVANCED CIRCUITS INC
315,POINT Z (480821.3209645226 4934213.30777206 0),ADVANCED FLEX INC PLANT 3
316,POINT Z (480123.4359886397 4931938.27731174 0),HOLADAY CIRCUITS INC
317,POINT Z (481470.2059468413 4933400.540052264 0),ALLIANT TECHSYSTEMS INC HOPKINS FACILITY
318,POINT Z (480498.352443812 4932448.105101178 0),KANGAS ENAMELING
319,POINT Z (480031.3526864316 4932993.815389845 0),MACTAC ENGINEERED PRODUCTS
320,POINT Z (486860.7594184863 4908539.481384365 0),AMERICAN MEDICAL SYSTEMS
321,POINT Z (486860.7594184863 4908539.481384365 0),AMERICAN MEDICAL SYSTEMS INC
322,POINT Z (479854.9861325433 4932472.286650539 0),METRO MARK INC
323,POINT Z (487703.6607970779 4936840.294724833 0),NORTHERN TELECOM
324,POINT Z (479960.0031317409 4933038.467255431 0),SHANNON GROUP INC TONKA DIV
325,POINT Z (479175.8937343424 4931263.664102856 0),SUEZ WTS SOLUTIONS USA INC
326,POINT Z (479920.2885080166 4933038.590063876 0),SIERRA CORP
327,POINT Z (477308.5509056926 4928926.148232043 0),BIRCHWOOD LABORATORIES INC
328,POINT Z (480706.0631570019 4930170.359721565 0),CONTROL DATA CORP
329,POINT Z (480930.6514941262 4930880.60233233 0),MACDERMID INC EDEN PRAIRIE
330,POINT Z (480904.0053111566 4929925.400755789 0),DOUGLAS CORP
331,POINT Z (479335.6717845203 4929041.569827939 0),APPLIED COATING TECHNOLOGY INC PLANT 1
332,POINT Z (478301.9357541915 4928889.430155545 0),GENERAL MILLS
333,POINT Z (480768.4503147671 4929770.290248235 0),GUSTAFSON LLC
334,POINT Z (487169.8778516949 4991294.926423779 0),HONEYWELL AEROSPACE COON RAPIDS
335,POINT Z (480771.8060440467 4930903.286731165 0),BODYCOTE THERMAL PROCESSING
336,POINT Z (479295.7910594155 4928997.265234873 0),EMERSON CONTROL TECHNIQUES
337,POINT Z (480809.2354626341 4930125.62235219 0),PHILLIPS and TEMRO INDUSTRIES INC.
338,POINT Z (480763.5642677027 4930803.339911886 0),PHYSICAL ELECTRONICS PHYSICAL ELECTRONICS DIV
339,POINT Z (463424.4096483784 5001318.761618058 0),POWER PROCESS EQUIPMENT
340,POINT Z (480738.0466062603 4930236.912185049 0),RELIANCE MOTION CONTROL
341,POINT Z (474390.9891703534 4928770.376421642 0),EMERSON AUTOMATION SOLUTIONS ROSEMOUNT INC
342,POINT Z (558520.1542833968 4930116.590740293 0),ROSEMOUNT INC
343,POINT Z (478151.1851083701 4928967.690850487 0),EATON MDH INC
344,POINT Z (477554.5925131807 4928825.322118882 0),ITT SCHADOW
345,POINT Z (481285.7365649662 4930024.260424499 0),VIKING PRESS INC
346,POINT Z (477565.3129262779 4934223.754950243 0),ST JUDE MEDICAL DAIG DIV
347,POINT Z (716675.9198112471 4938306.654340366 0),HONEYWELL ADVANCED CIRCUITS INC
348,POINT Z (477327.0684283291 4934224.583567503 0),IFLEX INC
349,POINT Z (477573.4080727795 4934268.158991188 0),"PRECISION DIVERSIFIED, IND INC"
350,POINT Z (478515.8621306492 4931088.088112318 0),LOGIC PD INC
351,POINT Z (418584.843015763 4987258.093161806 0),DURA SUPREME
352,POINT Z (417915.0245062491 4987244.457290241 0),MUNSON LAKES NUTRITION LLC
353,POINT Z (403045.7713641647 4930354.54258767 0),GOEBEL FIXTURE CO INC
354,POINT Z (403782.579652694 4931799.030740629 0),HAUGEN FURNITURE CO
355,POINT Z (402251.0623398896 4930366.457864674 0),MINNESOTA SPECIALTY YEAST LLC
356,POINT Z (403746.9718421727 4932077.316504093 0),HUTCHINSON TECHNOLOGY INC
357,POINT Z (402608.6743573082 4931949.86486057 0),HUTCHINSON MANUFACTURING INC
358,POINT Z (403594.2557857091 4930890.780194654 0),3M CO-HUTCHINSON
359,POINT Z (402679.6809507055 4931915.468565634 0),NEW DIMENSION PLATING INC
360,POINT Z (418826.9551918468 4931271.256594046 0),AMEREQUIP SCHWARTZ DIV
361,POINT Z (418866.5448165166 4931259.652046914 0),POLY FOAM INC
362,POINT Z (396673.7044128488 4990631.165935431 0),CUSTOM PRODUCTS OF LITCHFIELD INC
363,POINT Z (397433.9871981427 4991874.508556802 0),"INNOVEX, INC"
364,POINT Z (396528.9420913746 4991900.259539258 0),ANDERSON CHEMICAL CO
365,POINT Z (395976.1015043457 4993242.686861098 0),PALM INDUSTRIES INC
366,POINT Z (396561.3302584746 4991955.292450968 0),TOWMASTER INC
367,POINT Z (470896.3887090266 5046674.29809296 0),WEST TECH INC
368,POINT Z (471981.9376655323 4937800.07269165 0),WASHINGTON SCIENTIFIC IND LONG LAKE PLANT
369,POINT Z (453612.5214545854 4998694.333797734 0),SUN PATIO/ WARRIOR BOATS
370,POINT Z (469066.4487120493 4983325.261110783 0),ELECTROCHEMICALS INC
371,POINT Z (468846.6434150871 4983504.073758875 0),MACDERMID ENTHONE AMERICA LLC
372,POINT Z (468886.2646406773 4983548.316592515 0),INNOVEX INC.
373,POINT Z (698471.543768001 5006273.281191719 0),BONDHUS CORP
374,POINT Z (462673.1976386468 5003211.740177748 0),CARGILL KITCHEN SOLUTIONS INC
375,POINT Z (462871.8813246659 5002255.161330779 0),STANDARD IRON and WIRE WORKS INC
376,POINT Z (463021.632575439 5002332.053328053 0),TWIN CITY DIE CASTINGS CO
377,POINT Z (455685.8267053546 4987036.843430071 0),KNIGHT COLORS and CHEMICALS CO
378,POINT Z (468234.6133358489 4934373.830351437 0),CR MANUFACTURING CO
379,POINT Z (480163.5051544252 4991001.841079112 0),ZENITH PRODUCTS CO
380,POINT Z (459782.8417176768 4922512.744595406 0),BONGARDS' CREAMERIES
381,POINT Z (455944.4178839751 4923170.761370335 0),OAK GROVE DAIRY
382,POINT Z (481483.3231308027 4990098.042242483 0),CERAM-TRAZ CORP CERAMIC INDL COATINGS
383,POINT Z (480279.4132908717 4990301.61585646 0),UNIVERSAL PLASTICS INC
384,POINT Z (480169.0601360594 4990257.522490469 0),ADVANCED CIRCUITS MINNESOTA
385,POINT Z (478738.3861922055 4988540.245703392 0),SCIMED LIFE SYS INC
386,POINT Z (480952.1647808646 4988866.514887654 0),SILENT KNIGHT
387,POINT Z (480729.7244880555 4990822.359486138 0),WELLS CONCRETE
388,POINT Z (480991.2379476079 4988766.417845945 0),LSC COMMUNICATIONS / MAPLE GROVE
389,POINT Z (414850.1122994276 4921301.284612851 0),PLATO WOODWORK INC
390,POINT Z (472393.7085837994 5019781.735207252 0),CRYSTAL CABINET WORKS INC -- PRINCETON
391,POINT Z (471541.0852901828 5020118.8094366 0),CRYSTAL COMMERCIAL DIV
392,POINT Z (471787.1086872636 5019062.293478981 0),US DISTILLED PRODS CO
393,POINT Z (471509.3918875977 5020041.185147236 0),SMITH SYSTEM MFG CO
394,POINT Z (475536.8986151946 5020013.182706448 0),WESTLING MFG
395,POINT Z (465363.8236730018 4990876.262468706 0),DIVERSIFOAM PRODUCTS
396,POINT Z (473826.4959811774 4996679.263677626 0),FLEX-O-PRINT
397,POINT Z (474663.4097586343 4995520.523546068 0),GRACO MINNESOTA INC-KOCH CENTER
398,POINT Z (483056.2730473741 4923321.383777901 0),PROCHASKA LLC
399,POINT Z (483661.1727142236 4923453.129832471 0),CONTINENTAL MACHINES INC.
400,POINT Z (483072.2115485398 4923332.450054579 0),FABCON INC
401,POINT Z (483301.4845835423 5034519.209140047 0),HEAT-N-GLO
402,POINT Z (484474.2424719883 4924162.035362709 0),FLINT HILLS RESOURCES PINE BEND LLC SAVAGE
403,POINT Z (484011.2860144695 4923496.691099568 0),SILGAN CONTAINERS MANUFACTURING CORP
404,POINT Z (484604.5767790491 4905212.168176083 0),PILLSBURY GREEN GIANT FILM CONVERTING
405,POINT Z (478485.8984455334 4924434.563895824 0),CONKLIN CO INC
406,POINT Z (475336.8311258687 4922479.652539779 0),MICROSOURCE LLC
407,POINT Z (477405.0770084019 4924682.601037004 0),CERTAINTEED SHAKOPEE
408,POINT Z (478461.7438363345 4924345.781220523 0),ADC TELECOMMUNICATIONS INC
409,POINT Z (478326.3111391553 4924279.58410529 0),TYCO ELECTRONICS
410,POINT Z (478144.57155791 4924635.642780302 0),FREMONT INDUSTRIES LLC
411,POINT Z (479758.762854823 4924530.448754962 0),AGGREGATE INDUSTRIES - SHAKOPEE READY MIX
412,POINT Z (478112.9455949131 4924691.288303029 0),ANCHOR GLASS CONTAINER CORP-SHAKOPEE
413,POINT Z (477580.2379656121 4924737.534109746 0),INLAND CONTAINER CORP
414,POINT Z (474430.5515126454 4924682.506647247 0),RAHR MALTING CO
415,POINT Z (478390.6414552431 4924490.418799081 0),QG PRINTING II CORP
416,POINT Z (478192.1791140082 4924602.159483243 0),ASHLAND DISTRIBUTION CO
417,POINT Z (478421.82861423 4924301.482204366 0),TSUMURA INTL
418,POINT Z (462486.2220085078 4927728.512414558 0),ELKAY WOOD PRODUCTS CO
419,POINT Z (472177.2585562611 4927813.086955758 0),MANUS PRODUCTS INC
420,POINT Z (462642.4366678384 4928627.371927878 0),PRO-TECH INC
421,POINT Z (454102.2952630176 4987003.604493115 0),KNIGHT COLORS and CHEMICALS CO
422,POINT Z (417421.2492340145 4935710.642754089 0),DAIRY FARMERS OF AMERICA INC
423,POINT Z (404218.0287128984 4908405.893286549 0),HEARTLAND CORN PRODUCTS
424,POINT Z (403149.5278404033 4908421.634460903 0),DAIRY FARMERS OF AMERICA INC
425,POINT Z (547103.0778923052 4892100.823981654 0),DAIRICONCEPTS LP
426,POINT Z (376676.7005547426 4923223.599939373 0),TINO'S ITALIAN SPECIALTIES
427,POINT Z (489593.9441361519 4937447.920707513 0),WEATHER-RITE LLC
428,POINT Z (486869.8975919723 4936719.743030149 0),WANNER ENGINEERING INC
429,POINT Z (488090.2262056435 4935528.83476623 0),BYSTROM BROTHERS INC
430,POINT Z (486250.7971714735 4936765.45902066 0),A and L LABORATORIES INC
431,POINT Z (486264.5315850177 4935754.605352977 0),PRECISION PLATING INC
432,POINT Z (488858.7882161398 4934594.402624057 0),BOKER'S INC
433,POINT Z (489225.3661920801 4935371.337505964 0),FLOUR CITY ARCHITECTURAL METALS
434,POINT Z (489352.3885850771 4935360.019693542 0),H and B ELEVATORS INC.
435,POINT Z (489439.7291735109 4935359.87682034 0),HIAWATHA METALCRAFT BLDG # 2
436,POINT Z (489439.7291735109 4935359.87682034 0),HIAWATHA METALCRAFT
437,POINT Z (489357.4119826922 4933582.74579238 0),PURINA MILLS LLC
438,POINT Z (480145.9548440505 4934104.260556251 0),DAYTON ROGERS MANUFACTURING CO
439,POINT Z (488534.4058993623 4935272.551442664 0),SMITH FOUNDRY CO
440,POINT Z (486358.8247526881 4935287.872389031 0),MIRROR FACTORY INC
441,POINT Z (487024.6635068363 4934720.000800245 0),NICO PRODUCTS INC
442,POINT Z (487059.6764374758 4983530.058687983 0),GAF BUILDING MATERIALS CORP
443,POINT Z (487358.026436032 4982962.913177828 0),DIAMOND VOGEL-NORTH INC
444,POINT Z (487004.2393151037 4983396.865831215 0),GRAPHICS UNLIMITED INC
445,POINT Z (487122.5662564362 4983452.170034018 0),JAPS/OLSON CO
446,POINT Z (483842.8641881571 4982970.839063327 0),COLOPLAST MANUFACTURING US LLC
447,POINT Z (486436.1236477395 4938075.810189703 0),KEMPS LLC
448,POINT Z (487102.6765184351 4938007.800660369 0),PIONEER METAL FINISHING
449,POINT Z (486951.0932386745 4984385.656994599 0),ILLBRUCK FOAMTEC INC.
450,POINT Z (486517.9871875183 4984519.862737041 0),FLAME METALS MINNEAPOLIS PLANT
451,POINT Z (486982.6576444033 4984407.810156898 0),FEDERAL FOAM TECHNOLOGIES INC
452,POINT Z (490179.6653074397 4982991.277205672 0),BUREAU OF ENGRAVING INC ELECTRONICS GROUP
453,POINT Z (487703.6607970779 4936840.294724833 0),PARKER HANNIFIN CORP GRESEN HYDRAULICS
454,POINT Z (489285.337314048 4938026.038132164 0),DAIRY FRESH CO
455,POINT Z (490163.8510011568 4982957.97526608 0),DAVIS FROST INC
456,POINT Z (488777.4599063558 4938071.330122698 0),GENERAL MILLS OPERATIONS INC. PURITY OATS FACILITY
457,POINT Z (488046.8007113021 4933507.27343005 0),GRACO INC
458,POINT Z (487118.4617820923 4937963.337302102 0),GRACO MINNESOTA INC - MINNEAPOLIS
459,POINT Z (487975.8498710693 4938072.768693074 0),ELECTRIC MACHINERY CO LLC
460,POINT Z (487655.5657793953 4936596.011049903 0),LAND O'LAKES FARMLAND FEED
461,POINT Z (488618.1592050637 4937749.476824687 0),MINNESOTA METAL FINISHING INC
462,POINT Z (489277.4005266411 4938026.051266698 0),INTERPLASTIC CORP
463,POINT Z (488106.9786372721 4983072.562222208 0),PERMATITE MANUFACTURING
464,POINT Z (488872.2999542792 4937837.899023077 0),PROSPECT FOUNDRY LLC
465,POINT Z (487895.7560388109 4937684.138610642 0),SUPERIOR PLATING INC
466,POINT Z (489657.9761393892 4937781.057084472 0),TWIN CITY CHROMIUM PLATING
467,POINT Z (489673.6732347818 4937669.952383189 0),EXCEL METAL FINISHING
468,POINT Z (489640.7698727716 4936947.987607318 0),GREATBATCH LTD (D/B/A GREATBATCH MEDICAL)
469,POINT Z (490211.6592144162 4936513.890114295 0),H B FULLER CO
470,POINT Z (490165.443786392 4937447.02789255 0),KOHL and MADDEN PRINTING INK COR P
471,POINT Z (490441.9452628198 4936557.978111868 0),LIFECORE BIOMEDICAL INC
472,POINT Z (489307.1677071035 4936826.342095646 0),MCLAUGHLIN GORMLEY KING CO
473,POINT Z (491926.2044894765 4929968.98818638 0),PECHINEY PLASTIC PACKAGING PPMM
474,POINT Z (488641.97058827 4937749.435028611 0),BODYCOTE METALLURGICAL
475,POINT Z (499126.9309647056 4937850.615338255 0),METAL MATIC INC
476,POINT Z (490116.5480367161 4936614.005968745 0),NORTHERN STAR CO
477,POINT Z (490061.4725360913 4936936.220670084 0),RITRAMA INC
478,POINT Z (488177.7055232396 4982961.343180149 0),ADM MILLING CO
479,POINT Z (488427.0728104703 4937416.576290122 0),PRIVATE LABEL CHEMICALS INC
480,POINT Z (489632.4229794535 4936692.518105978 0),REICHHOLD CHEMICALS INC
481,POINT Z (490276.8521574098 4937635.695027452 0),TWIN CITY DIE CASTINGS CO
482,POINT Z (487774.0990575048 4936306.979496079 0),BUREAU OF ENGRAVING INC GRAPHICS DIV
483,POINT Z (487798.3131448066 4936517.984985298 0),DOUGLAS CORP
484,POINT Z (535412.9463566848 4935392.464770035 0),AUGSBURG FORTRESS PUBLISHING
485,POINT Z (487917.6619786305 4936662.164785852 0),SAMUEL BINGHAM CO
486,POINT Z (487989.005183925 4936606.492365673 0),VALSPAR CORP
487,POINT Z (483275.439645674 4934284.269685193 0),DOUGLAS CORP PLATING DIV
488,POINT Z (483184.2060044914 4935850.728857888 0),HONEYWELL INC
489,POINT Z (483763.5368047517 4935749.279919919 0),KAPAK CORP
490,POINT Z (476150.6728960475 4927452.942845639 0),"CURWOOD MINNESOTA, LLC"
491,POINT Z (483863.6827981532 4934516.046121449 0),NORTHLAND ALUMINUM PRODUCTS I NC
492,POINT Z (483967.7995980008 4938081.449730642 0),"NESTLE HEALTHCARE NUTRITION, INC."
493,POINT Z (722157.1856216288 4938203.140093666 0),SUPREME FINISHERS INC
494,POINT Z (487390.6493792806 4983518.287719199 0),GRACE-LEE PRODUCTS INC
495,POINT Z (487335.6377050829 4983596.158099636 0),HARD CHROME INC
496,POINT Z (487297.9359537121 4984451.610218259 0),APPLIED COATING TECHNOLOGY INC PLANT 3
497,POINT Z (487769.9939126827 4984072.989258333 0),MED-TEK INC
498,POINT Z (488595.9820720044 4983271.628141525 0),UNIVERSAL PLATING INC
499,POINT Z (487248.1508572986 4983196.415984659 0),PACKAGING CORP OF AMERICA
500,POINT Z (487155.6768085019 4984240.827649538 0),XCEL ENERGY RIVERSIDE GENERATING PLANT
501,POINT Z (488177.7055232396 4982961.343180149 0),WHIRL-AIR-FLOW
502,POINT Z (487943.9868043304 4984405.922146834 0),ZALK STEEL and SUPPLY CO
503,POINT Z (486453.373710707 4931133.316930375 0),AGGREGATE INDUSTRIES MINNEAPOLIS READY MIX
504,POINT Z (485462.608069942 4932201.817445586 0),LEJEUNE STEEL CO
505,POINT Z (486399.7946870563 4928312.036103195 0),FMS CORP
506,POINT Z (486470.4539473514 4927889.791527747 0),CONSOLIDATE PRECISION PRODUCTS-MINNEAPOLIS OPERATION
507,POINT Z (485695.2972267842 4929646.489669546 0),"SEAGATE TECH INC, MPS"
508,POINT Z (486446.8612037934 4928012.02665511 0),ONYX SPECIAL SERVICES INC
509,POINT Z (553594.4036178463 4983175.290879927 0),DEGUSSA CONSTRUCTION CHEMICALS OPERATIONS INC
510,POINT Z (486485.566915227 4927512.094545259 0),THERMO KING CORP
511,POINT Z (487081.983183499 4986762.679097211 0),ECO FINISHING
512,POINT Z (487362.9092516362 4985429.056613008 0),ADVANCED FLEX INC PLANT 2
513,POINT Z (488134.8769040378 4985360.921679188 0),H B FULLER CO MONARCH DIV
514,POINT Z (487342.0291124072 4986817.701972436 0),HB FULLER
515,POINT Z (488187.9923268643 4988515.733850096 0),KURT MANUFACTURING CO
516,POINT Z (487788.1774042068 4985339.358088951 0),ELECTRO LABORATORIES INC
517,POINT Z (487310.7872294928 4986951.070192177 0),LAKELAND CHEMICAL CORP
518,POINT Z (724467.2408096421 4991345.875473822 0),MEDTRONIC INC NEUROLOGICAL DIV
519,POINT Z (487381.6766863897 4986950.929555745 0),AMERICAN CONVERTERS INC
520,POINT Z (487160.4832582316 4986629.214484752 0),UNITED DEFENSE LP ARMAMENT SYSTEM DIV NAVY IND RESERVE
521,POINT Z (488142.7967538215 4985383.12458514 0),INVEST CAST INC
522,POINT Z (487152.807617459 4986729.209525018 0),QUEBECOR PRINTING
523,POINT Z (487309.7485581609 4986428.956684605 0),SAFETRAN SYSTEMS CORP E-M DIV
524,POINT Z (487137.3450765978 4986873.655673448 0),ATLAS MFG
525,POINT Z (483094.1188642984 4982972.777271466 0),HONEYWELL INTERNATIONAL INC HOME and BUILDING TECHNOLOGIES
526,POINT Z (483252.229926197 4937594.507891091 0),TENNANT CO
527,POINT Z (485359.2367231884 4932157.618272773 0),BARREL FINISH INC
528,POINT Z (489397.3385935787 4928850.735089115 0),GENERAL DYNAMICS ADVANCED INFORMATION SYSTEMS HQG/D
529,POINT Z (488815.6414564436 4927985.301682888 0),SKYWATER TECHNOLOGY FOUNDRY INC
530,POINT Z (488815.6414564436 4927985.301682888 0),VTC INC RIVER RIDGE
531,POINT Z (489245.9951679266 4928651.043301386 0),POLAR SEMICONDUCTOR LLC
532,POINT Z (483319.745962919 4932984.526619559 0),HONEYWELL ADVANCED CIRCUITS INC
533,POINT Z (482992.9301191859 4935573.528461901 0),FOOD PRODUCERS INTERNATIONAL
534,POINT Z (482481.000823498 4934175.287740195 0),FLAME METALS PROCESSING CORP PLANT 1
535,POINT Z (482854.5167482318 4934274.261010492 0),HARDCOAT INC
536,POINT Z (482868.5217377831 4933563.315273564 0),LINDBERG HEAT TREATING CO
537,POINT Z (483020.8208299811 4934096.09619458 0),LIND ELECTRONICS INC
538,POINT Z (482134.9409083945 4935398.108678848 0),MAGNETIC PERIPHERALS INC
539,POINT Z (482264.9394728828 4933576.045544701 0),SUPER RADIATOR COILS
540,POINT Z (482294.6086130909 4984563.506780546 0),DURA-PROCESS CO
541,POINT Z (481467.0610995438 4937854.85392625 0),GENERAL MILLS OPS INC JAMES FORD BELL TECHNICAL CENTER
542,POINT Z (482974.2773193324 4937539.692413592 0),HONEYWELL INC
543,POINT Z (475325.9075106619 4936342.420044251 0),HAWKINS INC
544,POINT Z (481276.476304839 4937822.077935333 0),LUBRICATION TECHNOLOGIES INC
545,POINT Z (488177.7055232396 4982961.343180149 0),DAKOTA GROWERS PASTA CO MINNESOTA DIV
546,POINT Z (481641.1718110879 4937676.629647083 0),NORTHERN PRINTING INK CORP
547,POINT Z (480523.4284810586 4930215.336619095 0),NORTRONICS CO INC
548,POINT Z (482309.1055658371 4984108.004070328 0),UNIVERSAL PLASTICS INC
549,POINT Z (482267.0517997795 4983152.761381883 0),RSP PLATING INC
550,POINT Z (482339.3047918433 4983630.240622767 0),TRC CIRCUITS INC
551,POINT Z (481551.4137729208 4986420.792756906 0),CLARIANT PLASTICS and COATINGS USA INC - MINNEAPOLIS FACILITY
552,POINT Z (481621.9892593555 4986309.500205496 0),CINCH
553,POINT Z (481441.3904179247 4986509.982987706 0),CENTRAL STATES DIVERSIFIED
554,POINT Z (481496.1117150956 4986365.408495541 0),ABELCONN LLC
555,POINT Z (482250.7300691777 4985785.602929952 0),ALPHA CERAMICS INC.
556,POINT Z (481456.9833020713 4986454.393203067 0),PARKER HANNIFIN HPS
557,POINT Z (481675.280731906 4985665.03203556 0),BELLCOMB
558,POINT Z (481635.9216467579 4985676.254061253 0),INNO-FLEX CORP
559,POINT Z (482431.2219859165 4985529.599529639 0),NORDIC PRESS INC
560,POINT Z (481542.6056267824 4988820.342193122 0),MENASHA PACKAGING NORTH STAR CONTAINER
561,POINT Z (488181.8191575209 4985183.093591777 0),MAAX US CORP.
562,POINT Z (482407.1887217344 4985385.250555826 0),ROBINSON RUBBER PRODUCTS CO
563,POINT Z (481667.9446522825 4983110.017834749 0),TECHNICAL PLATING INC
564,POINT Z (481704.0776348895 4987464.589095179 0),THOMAS ENGINEERING CO
565,POINT Z (482285.2038679576 4986851.959315945 0),TK PRODS
566,POINT Z (481691.4196587945 4985798.292177252 0),MINNEAPOLIS DIE CASTING LLC
567,POINT Z (481527.2433152867 4988953.693848996 0),MEDTRONIC INC PERFUSION SYSTEMS
568,POINT Z (481533.0871414595 4985532.135514559 0),AVTEC FINISHING SYSTEMS INC
569,POINT Z (485031.3465985451 4985634.058906016 0),HOWE CO
570,POINT Z (485729.5283933831 4987820.903558438 0),HIAWATHA RUBBER CO
571,POINT Z (485824.2324011817 4987909.563305847 0),MEDTRONIC ENERGY and COMPONENT CENTER
572,POINT Z (485712.9311349056 4987443.239134211 0),VISION-EASE LENS POLYCARBONATE OPS
573,POINT Z (485740.263952658 4985576.891103926 0),OWENS CORNING ROOFING and ASPHALT LLC
574,POINT Z (489200.9656221655 4930250.644501224 0),CENTURY MFG CO
575,POINT Z (486023.2440767574 4926935.466626085 0),ADDED VALUE TECHNOLOGY
576,POINT Z (485577.5548629732 4926725.392108298 0),FLAME METALS PROCESSING BLOOMINGTON
577,POINT Z (486349.046088769 4926857.019601282 0),PRINTED CIRCUITS INC
578,POINT Z (487906.6752346315 4989660.475945991 0),CARTER DAY INTL INC
579,POINT Z (487214.6977742052 4990095.073682594 0),CUSTOM CAST CORP
580,POINT Z (487276.8811058986 4989695.028865462 0),DUGAS BOWERS PLATING CO
581,POINT Z (486265.1844969477 4987875.271627801 0),LAMAUR CORP
582,POINT Z (487732.3089568314 4989060.929362536 0),FLEXCON CO INC
583,POINT Z (488717.9551816186 4989847.839151482 0),KURT MANUFACTURING CO
584,POINT Z (487906.6752346315 4989660.475945991 0),INCERTEC
585,POINT Z (487741.5504989864 4989771.880353953 0),LARSEN'S MANUFACTURING CO
586,POINT Z (487348.6002351917 4990128.133122254 0),MICRO CONTROL CO
587,POINT Z (488975.4595049624 4988514.323449675 0),MEDTRONIC INC
588,POINT Z (488190.0507745122 4989626.61784046 0),MINCO PRODUCTS INC
589,POINT Z (487370.1710203867 4989094.963281292 0),MINNCAST INC
590,POINT Z (488781.1154018229 4989947.707643628 0),ANCHOR/IBC
591,POINT Z (487750.2778634665 4990216.219458221 0),INTERNATIONAL BLENDING CORP
592,POINT Z (487297.7652346342 4936307.895648091 0),PILLSBURY CO
593,POINT Z (487206.602018454 4989984.000915113 0),MCQUAY INTERNATIONAL
594,POINT Z (487389.3269687712 4990816.804686983 0),INCERTEC
595,POINT Z (485522.2390084002 4990176.45675229 0),SPACE TABLES
596,POINT Z (487845.8507693114 4990793.699522267 0),STYLMARK INC
597,POINT Z (486369.1989377856 4992318.611905826 0),JOHN ROBERTS CO
598,POINT Z (487240.8970403485 4991383.655161856 0),ALUMIPLATE INC
599,POINT Z (488040.8879027337 5035508.273882891 0),LUND INDUSTRIES INC
600,POINT Z (487131.6439473964 4991850.450010571 0),MIDWEST FINISHING INC
601,POINT Z (487288.1016540594 4991372.451852705 0),STERIS INC
602,POINT Z (477167.4315274886 4989656.576786783 0),RMS
603,POINT Z (487059.8158957563 4991361.802622042 0),RAMSEY TECHNOLOGY INC
604,POINT Z (490096.0971395547 4990078.834800466 0),BEALKA CASTING INC
605,POINT Z (491892.664613568 4991320.491001156 0),PLASTI DIP INTERNATIONAL
606,POINT Z (483865.6252551329 4928906.55125277 0),ADC TELECOMMUNICATIONS INC
607,POINT Z (482278.9718003631 4929988.150110272 0),IDEUS INC
608,POINT Z (483192.2615466553 4929763.564362767 0),FILMTEC CORP
609,POINT Z (483311.1799145939 4929652.178949558 0),IMPRIMIS TECH INC
610,POINT Z (483841.9471410667 4928973.257225616 0),SEAGATE TECHNOLOGY
611,POINT Z (484080.7921183387 4929139.285246533 0),ROBERTS AUTOMATIC PRODUCTS
612,POINT Z (483072.7681789209 4929652.796018041 0),"SEAGATE TECH INC, OVR"
613,POINT Z (481289.482599241 4931323.874721768 0),HONEYWELL INC EDINA BLDG
614,POINT Z (483308.3255883366 4928541.400293465 0),"SEAGATE TECH INC, NSO"
615,POINT Z (482345.7981963986 4925333.781665314 0),DETECTOR ELECTRONICS CORP
616,POINT Z (483033.6133317451 4929875.055679933 0),THIELE ENGINEERING CO
617,POINT Z (489470.5145028608 4983103.494712908 0),HONEYWELL AEROSPACE - MINNEAPOLIS
618,POINT Z (483180.0853741838 4934262.300413889 0),MINNESOTA RUBBER
619,POINT Z (478578.5612689189 4983152.96031637 0),CONTROL DATA CORP EMPROS SYSTEMS INTERNATIONAL DIV
620,POINT Z (479982.4468760617 4983470.561894438 0),"BASF CORPORATION, MINNEAPOLIS SITE"
621,POINT Z (477534.2782991873 4493622.769489664 0),HONEYWELL SOLID STATE ELECTRONICS CENTER
622,POINT Z (474164.6925981023 4937802.107098033 0),"HONEYWELL INC, RESIDENTIAL and BUILDING CONTROL"
623,POINT Z (476355.4109103787 4982994.171538023 0),LSI CORP OF AMERICA INC
624,POINT Z (478719.8698503288 4982985.854999254 0),UNIVERSAL CIRCUITS INC
625,POINT Z (477892.6937851305 4983099.753543296 0),PROTO LABS
626,POINT Z (478727.274430196 4985207.605433518 0),SCHNEIDER USA INC
627,POINT Z (479038.94420245 4938051.09341232 0),AVECOR CARDIOVASCULAR INC
628,POINT Z (557535.1689272366 4983209.579824335 0),BOSTON SCIENTIFIC SCIMED INC
629,POINT Z (480670.0001499961 4986701.125066128 0),HUTCHINSON TECHNOLOGY INC
630,POINT Z (480780.3107196617 4986711.900638791 0),BOSTON SCIENTIFIC PLYMOUTH TECHNOLOGY CENTER
631,POINT Z (480998.1515531961 4985800.3191141 0),TWIN CITY OPTICAL
632,POINT Z (492906.6233226735 4982954.339826478 0),GRACE-LEE PRODUCTS INC
633,POINT Z (481758.5191052625 4989975.050057037 0),CATERPILLAR PAVING PRODUCTS INC
634,POINT Z (481803.0922844488 4989041.771834982 0),JOYNER'S DIE CASTING and PLATING INC
635,POINT Z (481065.4409197282 4989888.200164692 0),LOWELL INC
636,POINT Z (481847.3997968291 4990774.640836283 0),MIDWEST FINISHING INC.
637,POINT Z (481838.1662467903 4990296.982061722 0),TECHNICAL RESIN PACKAGING
638,POINT Z (477563.5879636355 4983645.236285714 0),BANNER ENGINEERING CORP
639,POINT Z (476791.0754214662 4983592.453153727 0),CIRCUIT SCIENCE INC
640,POINT Z (478492.502767189 4983342.100254389 0),AACRON INC
641,POINT Z (478263.8754993282 4983320.656666986 0),NEVERS INDUSTRIES INC
642,POINT Z (477894.0782666907 4983499.668116804 0),PRECISION DIVERSIFIED INDUSTRIES LLC
643,POINT Z (478192.3384503833 4983143.158711444 0),UPSHER-SMITH LABS INC
644,POINT Z (476375.9846595214 4988548.562253688 0),DANA CORP SPICER OFF-HIGHWAY PRODS DIV
645,POINT Z (476375.9846595214 4988548.562253688 0),DANA CORP SPICER OFF-HIGHWAY AXLE DIV
646,POINT Z (478479.549032892 4984175.309330778 0),DANFOSS POWER SOLUTIONS (US) CO
647,POINT Z (478284.9493003548 4938053.577438792 0),WAGNER SPRAY TECH CORP
648,POINT Z (477894.5782399559 4983644.081774862 0),WATT/PETERSON INC
649,POINT Z (485650.3459790202 4994619.748829359 0),BTW INC
650,POINT Z (485815.4815177577 4994586.0515843 0),JOHN DEERE CYLINDE DIV MINNEAPOLIS
651,POINT Z (489335.7711701117 4992068.556145711 0),CYLINDER CITY INC
652,POINT Z (492060.578153994 4993419.86447666 0),PLASTI DIP INTERNATIONAL
653,POINT Z (488944.5336416918 4993380.077989157 0),PLEXUS CORP BMN
654,POINT Z (489335.7711701117 4992068.556145711 0),PARKER HANNIFIN CORP MOBILE CYLINDER DIV
655,POINT Z (489328.0498291763 4992157.440477713 0),ARROW CRYOGENICS
656,POINT Z (489555.9932465582 4991979.319785738 0),SAFETY-KLEEN SYSTEMS BLAINE (BLA)
657,POINT Z (490013.0101825818 4931237.942515136 0),US AIR FORCE MINNEAPOLIS-ST PAUL IAP ARS MN
658,POINT Z (685538.4906920455 5243092.71040455 0),TACONITE HARBOR ENERGY CENTER
659,POINT Z (621591.0240910631 5208795.564760883 0),LOUISIANA-PACIFIC TWO HARBORS SIDING
660,POINT Z (621895.7651353076 5209135.311520581 0),STANLEY HYDRAULIC TOOLS
661,POINT Z (568525.9834395146 5240568.474297368 0),LASKIN ENERGY CENTER
662,POINT Z (560448.633790232 5240302.214301396 0),DYNO NOBEL INC
663,POINT Z (557414.2438292265 5138129.390994823 0),CHEMSTAR PRODUCTS CO
664,POINT Z (535926.7965575148 5237012.04161812 0),MN TWIST DRILL AQUISITION LLC
665,POINT Z (556542.3738377903 5142588.414052399 0),DIAMOND BRANDS INC
666,POINT Z (556705.9854347691 5142345.465179643 0),SAPPI CLOQUET LLC
667,POINT Z (555291.968328398 5142376.880245155 0),USG INTERIORS LLC
668,POINT Z (544589.1415180761 5127709.98649569 0),SPECIALTY MINERALS INC
669,POINT Z (471828.073832721 5221900.263016095 0),BOSWELL ENERGY CENTER
670,POINT Z (545669.322546875 5258096.020072296 0),AINSWORTH ENGINEERED USA LLC COOK OSB
671,POINT Z (552182.8692151883 5236511.109945051 0),MALTON EQUIPMENT COMPANY
672,POINT Z (476127.7752711917 5220281.094396127 0),BLANDIN PAPER CO
673,POINT Z (474117.6690232724 5220167.286180448 0),AINSWORTH ENGINEERED LLC
674,POINT Z (537406.355464777 5230264.203890406 0),KIMBALL ELECTRONICS HIBBING
675,POINT Z (533896.8153662202 5232321.242332965 0),NOBLE INDUSTRIES LTD
676,POINT Z (533852.5544212688 5232120.946354138 0),LandM RADIATOR INC
677,POINT Z (537870.6710963878 5227511.019432261 0),NORTHERN FOUNDRY
678,POINT Z (533949.0242146313 5232454.903691355 0),IRATHANE SYSTEMS-MINNESOTA LLC
679,POINT Z (538141.7342557634 5233625.192410118 0),VIKING EXPLOSIVES LLC
680,POINT Z (533238.7777713243 5233595.548666304 0),HIBBING PUBLIC UTILITIES COMMISSION
681,POINT Z (550567.8798155413 5238742.061790911 0),BORDEN CHEMICAL INC VIRGINIA PLANT
682,POINT Z (551772.6681023181 5239297.109347599 0),STAVER FOUNDRY INC
683,POINT Z (572537.7871960249 5144625.3614059 0),INNOVATIVE PINE TECHNOLOGY INC
684,POINT Z (570466.1949626503 5145089.933468474 0),ABC RAIL PRODUCTS CORP
685,POINT Z (571181.8000652526 5145631.70919905 0),FRANKLIN FOODS
686,POINT Z (575994.6537690415 5142756.179820556 0),DULUTH BRASS and ALUMINUM CO
687,POINT Z (569643.4184170568 5143835.785924174 0),DULUTH PAPER MILL
688,POINT Z (566588.1524878017 5139434.186877663 0),DULUTH BRASS MANUFACTURING INC
689,POINT Z (567619.1938023285 5141423.644918735 0),TATE and LYLE DULUTH
690,POINT Z (566746.145506449 5138346.870089799 0),ME GLOBAL INC
691,POINT Z (568883.9353908214 5150506.021874781 0),US AIR FORCE DULUTH MN ANG
692,POINT Z (506058.0294962036 5145717.31608376 0),DIAMOND TOOL and HORSESHOE CO
693,POINT Z (571306.50941789 5144821.92136693 0),GERDAU AMERISTEEL US INC
694,POINT Z (571870.9085063334 5145806.527178942 0),GEORGIA PACIFIC WOOD PRODUCTS LLC
695,POINT Z (555922.5385862375 4875774.827225366 0),IBM ROCHESTER
696,POINT Z (554977.4684020733 4875711.35486249 0),CELESTICA CORP
697,POINT Z (555850.4217028248 4875774.21701566 0),CELESTICA CORP
698,POINT Z (475923.8318497596 4871949.99072057 0),CRENLO CAB PRODUCTS INC PLANT 2
699,POINT Z (559417.6869444989 4431452.387478895 0),PACE DAIRY FOODS CO
700,POINT Z (555676.0084070646 4875550.591283185 0),BENCHMARK ELECTRONICS INC MINNESOTA DIV
701,POINT Z (556655.340442745 4875358.980281023 0),PEPSI-COLA BOTTLING CO
702,POINT Z (556487.2096806923 4874402.280768658 0),KERRY INGREDIENTS and FLAVOURS INC
703,POINT Z (556544.3824699635 4822132.297016591 0),WATERS INSTRUMENTS
704,POINT Z (489351.7633391387 4930139.317087679 0),NORTHWEST AIRLINES ROCHESTER MUNICIPAL AIRPORT
705,POINT Z (558268.2518474259 4872396.145370171 0),SENECA FOODS CORP
706,POINT Z (558160.7099408365 4873683.690309622 0),"KEMPS, LLC"
707,POINT Z (558216.8238919255 4872773.353524098 0),KEMPS LLC
708,POINT Z (557569.6993694857 4872512.210440508 0),SENECA FOODS CORP
709,POINT Z (558205.9726027565 4872184.550977536 0),ASSOCIATED MILK PRODUCERS INC
710,POINT Z (558208.509772548 4873717.434220946 0),ROCHESTER PUBLIC UTILITIES SILVER LAKE PLANT
711,POINT Z (544950.4089666556 4796900.260030061 0),LAND O'LAKES FARMLAND FEED
712,POINT Z (534423.0975717085 4807011.51601557 0),AUSTIN UTILITIES NORTHEAST POW ER STATION
713,POINT Z (497576.2015548843 4929775.588472315 0),TANDEM PRODUCTS INC
714,POINT Z (497575.4908872707 4818618.512355099 0),ARKEMA INC
715,POINT Z (572734.9631643668 4816812.241383787 0),STRONGWELL - CHATFIELD DIV
716,POINT Z (573144.9772778162 4816283.541124486 0),TUOHY FURNITURE CORP
717,POINT Z (532795.5353545327 4875930.505971163 0),AL-CORN CLEAN FUEL
718,POINT Z (548081.112524613 4813836.521360902 0),GREAT RIVER ENERGY PLEASANT VALLEY STATION
719,POINT Z (546658.4049367207 4810216.970258507 0),MCNEILUS TRUCK and MANUFACTURING INC DEXTER
720,POINT Z (539271.472309149 4874321.966650452 0),EHLER'S PAINT SHOP
721,POINT Z (539271.1422570836 4874377.500829401 0),MCNEILUS TRUCK and MANUFACTURING INC
722,POINT Z (532725.8521520582 4889947.517471639 0),FOLDCRAFT CO
723,POINT Z (620353.9519499885 4819661.928933874 0),RIVERSIDE ELECTRONICS LTD
724,POINT Z (549366.3972395732 4885552.775100733 0),DS MANUFACTURING INC
725,POINT Z (549301.889876213 4885618.937754333 0),LAND O LAKES - PINE ISLAND
726,POINT Z (577276.2681087001 4805755.611851629 0),FOREMOST FARMS USA
727,POINT Z (625051.3766305725 4816603.570196664 0),TRW AUTOMOTIVE
728,POINT Z (631739.0441338385 4799266.05517033 0),NORTHERN AUTOMOTIVE SYSTEMS LLC SPRING GROVE DIV
729,POINT Z (560506.5841287627 4485852.994496166 0),HALCON CORP
730,POINT Z (557174.3458231862 4818350.23904714 0),GEOTEK LLC
731,POINT Z (557398.6048781278 4816697.254738192 0),CR BARD-STEWARTVILLE OPERATIONS PLANT 2
732,POINT Z (626225.7303313152 4877744.325219112 0),BADGER EQUIPMENT CO
733,POINT Z (631053.9919139994 4875560.580001158 0),BADGER FOUNDRY CO
734,POINT Z (629411.9664472881 4876706.001820874 0),BEHRENS INC
735,POINT Z (627144.9731477557 4877039.742846704 0),BENCHMARK ELECTRONICS INC MINNESOTA DIV
736,POINT Z (630223.2709168401 4876621.948914726 0),BAY STATE MILLING CO
737,POINT Z (629372.1180438886 4876694.109772503 0),CYTEC ENGINEERED MATERIALS INC
738,POINT Z (626350.0933833338 4877946.703751658 0),DIVERSIFIED FABRICATORS INC
739,POINT Z (660349.4105810053 4873817.333632684 0),FUSION COATINGS INC
740,POINT Z (631241.2717098856 4874608.721150568 0),WILLET HAUSER ARCHITECTURAL GLASS
741,POINT Z (626223.1818018873 4877877.609338365 0),TRW AUTOMOTIVE WINONA
742,POINT Z (627899.83815766 4876554.319161275 0),MIDWEST METAL PRODUCTS INC
743,POINT Z (631197.1523496282 4875618.978453728 0),MILLER FELPAX CORP
744,POINT Z (630457.6319787576 4876526.572505487 0),MILLER WASTE MILLS (DBA RTP CO)
745,POINT Z (629010.8724923355 4876720.376260672 0),ALLIANT CASTINGS
746,POINT Z (631337.5646903693 4876621.793233561 0),PEERLESS CHAIN CO
747,POINT Z (630285.3670595449 4881189.944818485 0),TRW AUTOMOTIVE-MACHINE BUILDING DIV
748,POINT Z (641510.2317661066 4918159.422324328 0),WINCRAFT INC
749,POINT Z (631175.6019675854 4874685.196642753 0),WE-NO-NAH CANOE INC
750,POINT Z (631171.9956880333 4874462.898171854 0),WATLOW
751,POINT Z (543733.2051741761 5446860.934330614 0),ARISTOKRAFT PLANT 9
752,POINT Z (418242.1878019921 4882398.263296352 0),BIG GAIN INC
753,POINT Z (419840.7475222053 4883489.495476677 0),CROWN CORK and SEAL CO INC
754,POINT Z (452363.4028117108 4884651.424796764 0),FEED SERVICE CO INC
755,POINT Z (452483.8353421757 4884706.092864371 0),HUBBARD FEEDS INC
756,POINT Z (418350.1093940742 4882707.969752662 0),CHS MANKATO
757,POINT Z (417567.2661260751 4884128.528591226 0),KATO ENGINEERING
758,POINT Z (452508.1569474564 4883639.588830251 0),MGA GRAPHICS
759,POINT Z (452545.451210333 4884372.420774764 0),ADM
760,POINT Z (418201.8856421008 4882376.545869458 0),ASSOCIATED ENG OF MANKATO INC
761,POINT Z (452338.9617036358 4883485.304440234 0),DOTSON CO INC
762,POINT Z (379522.2641513711 4443288.770368377 0),WIS-PAK OF MANKATO INC
763,POINT Z (452557.3837014287 4882695.090670356 0),LAND O'LAKES FARMLAND FEED
764,POINT Z (455945.9518431269 4886659.166870367 0),HINIKER CO
765,POINT Z (418010.4696805256 4883723.082295733 0),MICO INC
766,POINT Z (454403.7114218263 4886914.03647226 0),MIDWEST ELECTRIC PRODUCTS INC.
767,POINT Z (452697.7131095409 4885515.408266923 0),ATLAS ALCHEM PLASTICS INC.
768,POINT Z (418212.2165523515 4883853.87982146 0),CARLSON CRAFT COMMERCIAL
769,POINT Z (418741.4084446648 4883925.092780687 0),CARLSON CRAFT CATALOG
770,POINT Z (418077.1233407997 4883933.319562898 0),CARLSON CRAFT SOCIAL
771,POINT Z (418740.4494919592 4883847.343503716 0),CORPORATE GRAPHICS INTERNATIONAL INC
772,POINT Z (418292.2518485227 4883852.886747332 0),FINE IMPRESSIONS
773,POINT Z (418741.4084446648 4883925.092780687 0),NATIONAL RECOGNITION PRODUCTS
774,POINT Z (418084.1600767701 4883855.470762832 0),PRECISION PRESS
775,POINT Z (482946.2752295607 4802114.308037071 0),GREAT LAKES POLYMER TECHNOLOGIES ALBERT LEA PLANT
776,POINT Z (481651.794292942 4805749.253033777 0),FOUNTAIN IND CO
777,POINT Z (481969.7233877506 4803516.154367501 0),FREEBORN FOODS CO
778,POINT Z (482812.5322976601 4803680.542624511 0),FARMLAND FOODS INC
779,POINT Z (485313.1765631497 4798954.765435582 0),AGRA RESOURCES LLC (DBA POET GLENVILLE)
780,POINT Z (471512.0008846634 4816768.182559378 0),VENTURA FOODS LLC
781,POINT Z (482817.4129736576 4802414.486476044 0),ALBERT LEA ELECTROPLATING
782,POINT Z (482841.4345630943 4802303.369103931 0),CARGILL INC.
783,POINT Z (483635.4433838919 4802334.716907297 0),AIRGAS NORTH CENTRAL INC
784,POINT Z (480960.027257037 4804507.329949626 0),IMPERIAL INC
785,POINT Z (482749.7770626114 4804480.310486372 0),NATURAL BIOLOGICS LLC
786,POINT Z (482929.9038869012 4802047.715588867 0),INTERSTATE MEAT SERVICE INC
787,POINT Z (482847.3562973106 4804635.541400236 0),PROGRESS CASTING GROUP INC
788,POINT Z (483580.7313185374 4803156.666579942 0),CARPENTER CO
789,POINT Z (481945.3941396672 4803505.113674622 0),KERRY INGREDIENTS
790,POINT Z (481969.5159310369 4803438.415287039 0),LOU-RICH INC
791,POINT Z (481791.646250414 4803561.054598093 0),STREATER INC PLANT 2
792,POINT Z (481800.1050585704 4803694.299801365 0),STREATER INC.
793,POINT Z (737752.7358175309 4805608.720927218 0),DARLING INGREDIENTS INC
794,POINT Z (414797.1253310111 4794999.067665773 0),ELMORE TRUCK ACCESSORIES INC.
795,POINT Z (394584.1865045136 4806147.433503938 0),CHS FAIRMONT
796,POINT Z (397549.5085744619 4805135.360854333 0),3M CO-FAIRMONT
797,POINT Z (396936.7017457238 4805322.418436688 0),"PICTSWEET FROZEN FOODS, FAIRMONT PLANT"
798,POINT Z (394572.395641837 4805392.241173873 0),AVERY WEIGH-TRONIX LLC
799,POINT Z (464721.3667712257 4896991.758067651 0),FIBERGLAS FABRICATORS INC
800,POINT Z (465635.319644976 4897642.252136665 0),WINCO INC
801,POINT Z (458499.5585896869 4904603.644970416 0),CAMBRIA PLANT
802,POINT Z (456776.7069950684 4903459.580103634 0),ADC TELECOMMUNICATIONS INC
803,POINT Z (457372.4476236043 4904266.545621161 0),MARS PETCARE US INC
804,POINT Z (456112.1255793739 4903119.657853295 0),LE SUEUR CHEESE CO
805,POINT Z (455701.5440552541 4903766.678040657 0),LE SUEUR INC
806,POINT Z (411246.0688479369 4890242.91420873 0),"NICOLLET FOODS, DAVISCO DIV"
807,POINT Z (473208.7530221829 4900172.767852806 0),SENECA FOODS CORP
808,POINT Z (472422.1300720488 4908628.878186785 0),CHART INC
809,POINT Z (470257.765054306 4907816.401055305 0),ASSOCIATED MILK PRODUCERS INC NEW PRAGUE
810,POINT Z (474838.4524814955 4819964.555381124 0),CARGILL FEED and NUTRITION NEW RICHLAND
811,POINT Z (399629.1830697911 4891532.07444323 0),KRAFT HEINZ CO-NEW ULM FACILITY
812,POINT Z (397561.9333148443 4894341.448651741 0),3M CO - NEW ULM
813,POINT Z (398272.7863124989 4893274.958125114 0),NEW ULM PUBLIC UTILITIES POWER PLANT
814,POINT Z (396746.0509741873 4895320.796404209 0),COLEMAN POWERMATE COMPRESSORS
815,POINT Z (400677.8371878709 4893193.715434203 0),ASSOCIATED MILK PRODUCERS INC
816,POINT Z (407169.8215166407 4884744.537428725 0),HEWITT MACHINE and MANUFACTURING INC.
817,POINT Z (389838.6072335712 4826463.67918437 0),OLSON INDUSTRIES INC
818,POINT Z (389060.6238597718 4826787.556569305 0),S-T IND INC
819,POINT Z (388581.6863003129 4826151.161517126 0),CONAGRA REFRIGERATED FOODS
820,POINT Z (389865.745069741 4826640.979556352 0),WESTIN AUTOMOTIVE PRODUCTS INC
821,POINT Z (454304.7175636486 4894534.579076926 0),ALUMACRAFT BOAT CO
822,POINT Z (374291.6260982495 4895579.045705776 0),ONAN POWER ELECTRONICS
823,POINT Z (534258.2856529173 4893543.025654429 0),DAVISCO ST PETER DIV
824,POINT Z (454249.0965047023 4894579.39732321 0),CREATION TECHNOLOGIES ST PETER
825,POINT Z (384767.1331953245 4892220.266905901 0),DEL MONTE FOODS PLANT #114
826,POINT Z (385399.2408003756 4892242.544816767 0),ADVERTISING UNLIMITED
827,POINT Z (385448.3663343688 4892308.351888915 0),ANDERSON CUSTOM PROCESSING INC
828,POINT Z (374055.2907427533 4889083.449955123 0),ACME BRICK COMPANY-OCHS BRICK
829,POINT Z (372332.1141742864 4887694.413220129 0),SANBORN MANUFACTURING
830,POINT Z (377433.7162547935 4888764.079713212 0),VIGORENA FEEDS
831,POINT Z (473481.270142488 4876635.384915062 0),QG PRINTING II LLC
832,POINT Z (475712.4058530406 4877681.968825401 0),CINCH CONNECTIVITY SOLUTIONS
833,POINT Z (475564.6419181276 4876716.202549549 0),BIRDS EYE FOODS LLC
834,POINT Z (464962.3397029512 4810268.732209476 0),SWIFT-ECKRICH INC
835,POINT Z (411792.1717204545 4810254.88693432 0),CORN PLUS
836,POINT Z (414014.9314795621 4800473.778317282 0),CROWN TONKA WALK-INS
837,POINT Z (334942.2741530003 4822811.298898852 0),ETHANOL 2000 LLP (DBA POET BIOREFINING-BINGHAM LAKE)
838,POINT Z (316148.949453812 4810239.851647167 0),MINNESOTA SOYBEAN PROCESSORS
839,POINT Z (381474.9577465795 4799032.798598272 0),BRANDFX LLC
840,POINT Z (371740.4875121943 4804420.798423756 0),AGCO CORP JACKSON OPERATIONS
841,POINT Z (734725.2472874203 4808216.076584524 0),AGRI-ENERGY
842,POINT Z (732242.5443850544 4808252.507143498 0),LAND O'LAKES INC
843,POINT Z (731453.8147607041 4807369.216296991 0),IBP INC
844,POINT Z (375207.2837672462 4824431.248073154 0),MILK SPECIALTIES GLOBAL - MOUNTAIN LAKE
845,POINT Z (728292.5792072616 4830222.93099538 0),BAYLINER MARINE CORP
846,POINT Z (728269.2339934499 4829721.756661404 0),US MARINE/BRUNSWICK FAMILY BOAT CO INC.
847,POINT Z (384772.5106012152 4806474.401304429 0),INTERSTATE POWER and LIGHT CO FOX LAKE
848,POINT Z (379436.0931211458 4814710.82265429 0),LAKEFIELD JUNCTION STATION
849,POINT Z (309699.5051713762 4807917.887034074 0),CAMPBELL SOUP CO
850,POINT Z (311874.0367304305 4806845.480171106 0),HUBBARD FEEDS INC
851,POINT Z (310856.150910688 4804072.988274214 0),RIDLEY BLOCK OPERATIONS
852,POINT Z (310780.3450246642 4805708.987383261 0),JBS USA LLC SWIFT PORK CO
853,POINT Z (338971.6083760509 4993062.228995121 0),CENTRAL MINNESOTA FABRICATING INC
854,POINT Z (339154.4029523679 4991879.318869924 0),HARVEST STATES CO-OP
855,POINT Z (340109.6358883425 4992900.160200951 0),JENNIE-O FOODS INC
856,POINT Z (339299.7605940398 4992020.157002445 0),JENNIE-O TURKEY STORE WILLMAR
857,POINT Z (339154.1224383155 4991868.210021964 0),LAND O'LAKES PURINA FEED LLC - WILLMAR
858,POINT Z (339353.4420860362 4992274.469003141 0),MOLENAAR INC
859,POINT Z (338294.3729265555 4993068.275955062 0),PALS INC
860,POINT Z (336292.5205870667 4993942.029736396 0),WILLMAR POULTRY CO INC (DBA PALS)
861,POINT Z (384999.2900337341 4993087.025630306 0),JENNIE O TURKEY STORE ATWATER FEEDMILL
862,POINT Z (313415.2905826477 5007246.665357035 0),CHIPPEWA VALLEY ETHANOL CO
863,POINT Z (313688.3377973336 5006104.533553607 0),LORAL INC
864,POINT Z (317475.4733314945 5004915.938003609 0),CNH INDUSTRIAL AMERICA LLC
865,POINT Z (726435.1742645268 4923581.871553261 0),SCHOTT CORP
866,POINT Z (322875.1734413472 4936704.606793337 0),TEBBEN MANUFACTURING CO INC
867,POINT Z (308663.5186828831 4915040.364087163 0),MID CONTINENT CABINETRY
868,POINT Z (735738.5752676033 4938638.58461405 0),AG PROCESSING INC A COOPERATIVE
869,POINT Z (735475.2961358468 4938662.378370308 0),JENNIE-O TURKEYSTORE DAWSON FEED MILL
870,POINT Z (737359.4172388843 4937807.92358949 0),BLUEGRASS PROTEINS
871,POINT Z (476191.2595686603 5000202.682582157 0),HUBBARD MILLING CO
872,POINT Z (317154.2440920997 4929982.182614383 0),STANT CORP PLEWS/EDELMANN DIV
873,POINT Z (710661.4605395814 4968788.793066559 0),SPECSYS INC
874,POINT Z (389439.1798675169 4993975.142744762 0),PALM MFG and SALES
875,POINT Z (389455.496877388 4994008.196097059 0),PRECISION FIBERGLASS PRODUCTS LTD
876,POINT Z (688251.4771720826 5038518.586449821 0),HIREL SYSTEMS LLC-MARSHALL
877,POINT Z (302479.6996045095 4904384.755232757 0),HEARTLAND FOODS CO
878,POINT Z (302672.426529155 4905212.769789947 0),FLINT HILLS RESOURCES PINE BEND LLC MARSHALL
879,POINT Z (302690.9006504021 4906090.510417552 0),ADM
880,POINT Z (302000.7036488244 4905188.582097668 0),PPG INDUSTRIES INC WORKS #20
881,POINT Z (302625.0535963899 4906025.789811909 0),SCHWAN'S FOOD MANUFACTURING INC CFP/SFP
882,POINT Z (302617.0738844892 4906026.030481053 0),SCHWAN'S GLOBAL SUPPLY CHAIN ICE CREAM PLANT
883,POINT Z (300953.0733597073 4904886.817817951 0),MIDWEST AG SUPPLEMENTS MARSHALL FEED
884,POINT Z (293412.1023378937 4912236.439764685 0),SCHOTT CORP
885,POINT Z (308214.0370404521 4938155.830946136 0),JENNIE-O FOODS INC
886,POINT Z (307052.7822330092 4938657.26417474 0),MICRO DYNAMICS CORP BUILDING 2
887,POINT Z (307458.0339129391 4938656.323591893 0),LOGIC PD INC MONTEVIDEO
888,POINT Z (300234.6360801113 5024539.988057407 0),DENCO II LLC
889,POINT Z (341553.3459894301 4993308.702932967 0),TROUW NUTRITION USA LLC
890,POINT Z (378183.5956180923 5004293.505695161 0),TRINITY INDUSTRIES INC
891,POINT Z (715050.5758166186 5006991.788362136 0),MIN-DAK BEVERAGES INC
892,POINT Z (335402.9256587852 4911988.224326959 0),CENTRAL BI-PRODUCTS
893,POINT Z (336331.0901880221 4909875.359779346 0),SCHULT REDWOOD FALLS
894,POINT Z (334930.9023372981 4909721.623671563 0),DAKTRONICS INC
895,POINT Z (332976.9521553126 4926554.934457248 0),SOUTHERN MINNESOTA BEET SUGAR COOPERATIVE
896,POINT Z (324048.2544122785 4926612.583489278 0),WARNER MFG CO
897,POINT Z (414127.4667489767 5018172.059590723 0),ANTIOCH CO
898,POINT Z (402427.2755501738 5022586.749516212 0),NEW FLYER OF AMERICA
899,POINT Z (411467.0750370944 5021342.240130413 0),WIMAN CORP
900,POINT Z (415369.560810313 5020177.558630791 0),MINNESOTA CORRECTIONAL FACILITY
901,POINT Z (419871.0199223256 5021629.932073248 0),QUEBECOR WORLD ST CLOUD
902,POINT Z (415227.7609313728 5021290.598407976 0),VISION-EASE LENS
903,POINT Z (411145.8640655725 5020791.176324266 0),DCI INC
904,POINT Z (409744.112691563 5020866.624793396 0),NORTHERN WIRE PRODUCTS DESIGNER WOOD PRODUCTS
905,POINT Z (413817.5036469462 5021309.701345305 0),LANTZ LENSES INC
906,POINT Z (411413.8682598859 5020342.946932752 0),GREDE LLC SAINT CLOUD
907,POINT Z (410233.4757166991 5020559.631955886 0),NAHAN PRINTING INC
908,POINT Z (394099.4957385248 5025465.863833048 0),THE KRAFT HEINZ CO
909,POINT Z (325777.9412804788 5040915.342533493 0),CENTRAL SPECIALTIES INC HOT MIX PLANT 1
910,POINT Z (711702.2901680045 5154748.332743462 0),DOUGLAS MACHINE INC
911,POINT Z (325677.4866206165 5044331.416884941 0),HUBBARD FEEDS INC
912,POINT Z (325645.5553594367 5044588.024533436 0),ALEXANDRIA EXTRUSION CO
913,POINT Z (326373.5012045318 5043222.514258061 0),3M CO-ALEXANDRIA
914,POINT Z (328249.6141463561 5045516.720710503 0),SUNOPTA GRAINS and FOODS
915,POINT Z (325379.726747492 5042338.426228625 0),STANDARD IRON and WIRE WORKS INC
916,POINT Z (400910.9612076872 5023821.61008851 0),NOVA FABRICATING INC
917,POINT Z (302306.2864819692 5046482.050822829 0),TWF INDUSTRIES INC
918,POINT Z (340037.1558329702 5004407.028525718 0),LAKESIDE FOODS INC
919,POINT Z (399364.8140112458 5013800.719380273 0),COLDSPRING
920,POINT Z (401735.3584263144 5013863.455786217 0),COLD SPRING GRANITE - MAIN PLA NT
921,POINT Z (401587.3553930563 5013932.428414643 0),COLD SPRING GRANITE FOUNDRY
922,POINT Z (406060.6129689753 5236361.473381863 0),COLD SPRINGS PROCESSING PLANT GOLD'N PLUMP POULTRY INC
923,POINT Z (456821.2184511437 5027534.914118564 0),GORECKI MFG INC
924,POINT Z (325975.9082621092 5026867.836532965 0),"WASP INC, BLUE BUILDING"
925,POINT Z (326091.506122723 5024240.843462432 0),CLYDE MACHINES INC
926,POINT Z (325975.9082621092 5026867.836532965 0),"WASP INC, TRUCK SHOP"
927,POINT Z (404466.8497032048 5033067.514567688 0),POLAR TANK TRAILER
928,POINT Z (478320.1955787702 5103229.866486446 0),MERIT ENTERPRISES INC
929,POINT Z (407018.0617259601 5096193.153973518 0),CENTRAL MN RENEWABLES
930,POINT Z (405446.5747506814 5048743.163147645 0),CRESTLINER
931,POINT Z (404654.9493668313 5049533.046515915 0),DESIGNER WOOD PRODUCTS
932,POINT Z (405974.5205687361 5046490.517954725 0),HENNEPIN PAPER CO
933,POINT Z (404837.4121012399 5049219.120271266 0),WABASH NATIONAL
934,POINT Z (405539.4291865727 5049208.479897711 0),ANDERSON CUSTOM PROCESSING INC
935,POINT Z (381946.9865862919 5050187.16628382 0),CENTRAL BI-PRODUCTS
936,POINT Z (377343.2232799322 5048975.421455715 0),LONG PRAIRIE PACKING CO
937,POINT Z (386390.5694641508 5026233.561503957 0),CARSTENS INDUSTRIES INC
938,POINT Z (384157.4460354182 5028730.242071994 0),JENNIE-O TURKEY STORE - MELROSE
939,POINT Z (384170.6457085408 5028596.640443495 0),LAND O'LAKES - MELROSE DAIRY PROTEINS LLC
940,POINT Z (384170.6457085408 5028596.640443495 0),KRAFT INC
941,POINT Z (469402.7507269161 5033182.778743464 0),LAND O'LAKES INC
942,POINT Z (388175.8157101164 5008932.376041777 0),CROMWELL MOLDING
943,POINT Z (388344.025952567 5008673.81932982 0),ASSOCIATED MILK PRODUCERS INC
944,POINT Z (388327.8986681606 5009540.886801921 0),WET JET INTERNATIONAL LTD
945,POINT Z (388473.9128631423 5017817.262138289 0),WET JET INTERNATIONAL LTD
946,POINT Z (419075.7761062705 5019495.621218876 0),CENTRAL MARBLE PRODUCTS INC
947,POINT Z (408208.9142056882 5028455.890943826 0),VIKING WATERBEDS INC
948,POINT Z (412251.7810235114 5024798.084500058 0),VERSO PAPER CORP. - SARTELL MILL
949,POINT Z (412061.9902955933 5024667.390265556 0),DEZURIK INC
950,POINT Z (376868.9797237095 5033147.364057215 0),STANDARD IRON and WIRE WORKS INC.
951,POINT Z (415164.3526699973 5022402.589972932 0),DESIGN LINE CABINETS
952,POINT Z (419316.0461177473 5022348.121717786 0),DESIGN LINE CABINETS
953,POINT Z (417544.3876789865 5021671.019599793 0),STONE PRODUCTS INC
954,POINT Z (411467.0750370944 5021342.240130413 0),WIMAN CORP
955,POINT Z (414458.1439663402 5021745.441196217 0),X-CEL OPTICAL CO
956,POINT Z (415010.3224546657 5119203.853188112 0),ATEK PRODUCTS LLC
957,POINT Z (414200.2419092061 5116992.518655469 0),LARCO MANUFACTURING
958,POINT Z (410144.8277630489 5121962.816251718 0),MAC MANUFACTURING INC
959,POINT Z (414175.0027493543 5116292.742637293 0),IMAGE
960,POINT Z (413975.4803200926 5116373.333872733 0),KEYSTONE AUTOMOTIVE INDUSTRIES MINNESOTA INC
961,POINT Z (414759.2226626832 5119451.835963166 0),WAUSAU PAPER MILLS LLC
962,POINT Z (416281.1755583861 5119064.090537827 0),A-TEK INC
963,POINT Z (389763.7197989551 5206184.37396928 0),WARNER MFG CO
964,POINT Z (400009.4390381122 5149861.399647861 0),EVELANDS INC
965,POINT Z (342837.5806704321 5113938.966607188 0),SUNOPTA INGREDIENTS
966,POINT Z (305389.0124853303 5102679.621156135 0),LAND O'LAKES INC
967,POINT Z (455205.0441706768 5125900.265117482 0),ULTRANAUTICS CORP
968,POINT Z (459733.1015759772 5119790.653110548 0),PARKER HANNIFIN
969,POINT Z (454877.7918964849 5123313.624890003 0),ILEVEL BY WEYERHAEUSER
970,POINT Z (342105.8530131845 5144989.227024236 0),SALO MANUFACTURING INC
971,POINT Z (343979.428300157 5155058.751506597 0),LAMB-WESTON/RDO FROZEN
972,POINT Z (343905.0375193473 5156339.327401832 0),TEAM INDUSTRIES PARK RAPIDS
973,POINT Z (386206.9264325508 5119771.736879888 0),STERN RUBBER CO
974,POINT Z (386384.2580668002 5118934.832113811 0),3M CO STAPLES PLANT
975,POINT Z (339600.9438362998 5125441.429558677 0),HOMECREST INDUSTRIES INC
976,POINT Z (308573.7852747023 5150970.126865744 0),LAND O'LAKES PURINA FEED LLC - DETROIT LAKES
977,POINT Z (308521.9158388854 5151516.75315374 0),SWIFT-ECKRICH INC
978,POINT Z (308087.6548135311 5152842.919360803 0),TEAM INDUSTRIES PARKRAPIDS DL INC
979,POINT Z (303904.352827028 5150073.892826547 0),S J ELECTRO SYSTEMS INC
980,POINT Z (301705.6563312807 5155206.377042306 0),TEAM INDUSTRIES-AUDUBON
981,POINT Z (726859.2191767213 5117680.060665556 0),BANNER ENGINEERING CORP
982,POINT Z (727647.9513584162 5116630.126972913 0),DAIRY FARMERS OF AMERICA INC
983,POINT Z (727318.3154653689 5117596.951695275 0),QUALITY CIRCUITS INC
984,POINT Z (729764.0333841908 5117510.19710802 0),OTTER TAIL POWER CO HOOT LAKE PLANT
985,POINT Z (314657.2374162849 5246423.591613086 0),J RETTENMAIER USA LP
986,POINT Z (696244.1752643593 5154027.273057017 0),BUSCH AGRICULTURAL RESOURCES LLC
987,POINT Z (696037.5277793121 5154243.033666243 0),AMOCO OIL MOORHEAD TERMINAL
988,POINT Z (695204.3161383667 5157219.240273957 0),AMERICAN CRYSTAL SUGAR CO
989,POINT Z (328904.9562336754 5131235.880207431 0),BRUNSWICK NEW YORK MILLS OPERATIONS
990,POINT Z (726001.1390914591 5139354.804057503 0),WEST CENTRAL TURKEYS LLC
991,POINT Z (319821.7884526614 5136768.71317299 0),BARREL O'FUN SNACK FOODS CO
992,POINT Z (319706.445707539 5135993.679598545 0),DOANE PET CARE CO
993,POINT Z (319821.7884526614 5136768.71317299 0),BONGARDS' CREAMERIES PERHAM
994,POINT Z (385025.6076447259 5236289.329098373 0),CORE CRAFT INC
995,POINT Z (390126.7011286684 5231878.82689989 0),POTLATCHDELTIC LAND and LUMBER LLC - BEMIDJI LUMBERMILL
996,POINT Z (390636.5335221812 5232013.881547575 0),AINSWORTH ENGINEERED (USA) LLC
997,POINT Z (608847.0946337307 5239886.062289 0),GEORGIA-PACIFIC CORP
998,POINT Z (399312.7092100287 5364400.301626447 0),ANI PHARMACEUTICALS BAUDETTE MAIN STREET FACILITY
999,POINT Z (461285.4175127081 5327545.66987139 0),PAGE and HILL FOREST PRODUCTS INC
1000,POINT Z (482074.8973252116 5356675.739395621 0),BOISE WHITE PAPER LLC
1001,POINT Z (482074.8973252116 5356675.739395621 0),INTERNATIONAL BILDRITE INC
1002,POINT Z (544589.1415180761 5127709.98649569 0),SPECIALTY MINERALS INC
1003,POINT Z (345038.7246083326 5241074.241050909 0),NORBORD MINNESOTA INC
1004,POINT Z (394731.2947706663 5249692.590513714 0),LAND O LAKES WOOD PRESERVING CO
1005,POINT Z (715736.2319547685 5328472.38090364 0),COUNTRY LAKE FOODS INC BRIDGEMAN DIV
1006,POINT Z (715442.6757801764 5323776.084247355 0),HYDRA-MAC INC
1007,POINT Z (715062.857812406 5327534.50718905 0),ARCTIC CAT INC
1008,POINT Z (697483.9159763721 5259056.327495724 0),AMERICAN CRYSTAL SUGAR CO
1009,POINT Z (698066.5276060796 5259009.246826664 0),NEW FLYER OF AMERICA INC
1010,POINT Z (698025.8362971651 5259096.872974143 0),PHOENIX INDUSTRIES OF CROOKSTO N LTD
1011,POINT Z (650347.52981928 5269611.489076421 0),AMERICAN CRYSTAL SUGAR CO
1012,POINT Z (321901.5303909918 5376095.758745753 0),POLARIS INDUSTRIES INC
1013,POINT Z (689487.4271505835 5330748.760313537 0),NORDIC FIBERGLASS INC
1014,POINT Z (338176.8276090599 5379198.757208535 0),MARVIN LUMBER and CEDAR CO
