,Median Income,State,County,Tract
0,56406.0,27,001,790502
1,45846.0,27,001,770200
2,42461.0,27,001,770300
3,47366.0,27,001,770100
4,41750.0,27,001,770400
5,40764.0,27,001,790501
6,95565.0,27,003,050218
7,106793.0,27,003,050223
8,102565.0,27,003,050224
9,82145.0,27,003,050228
10,91731.0,27,003,050233
11,92875.0,27,003,050234
12,66691.0,27,003,050235
13,55559.0,27,003,050504
14,72798.0,27,003,050609
15,56046.0,27,003,050710
16,55792.0,27,003,050807
17,81672.0,27,003,050902
18,62127.0,27,003,051101
19,60977.0,27,003,051102
20,51536.0,27,003,051400
21,59331.0,27,003,051502
22,102898.0,27,003,050215
23,104375.0,27,003,050114
24,84773.0,27,003,050210
25,105219.0,27,003,050220
26,106638.0,27,003,050221
27,90385.0,27,003,050226
28,133438.0,27,003,050230
29,48000.0,27,003,050606
30,87891.0,27,003,050711
31,62009.0,27,003,050808
32,61479.0,27,003,050811
33,47750.0,27,003,051001
34,80517.0,27,003,050813
35,52989.0,27,003,051206
36,93250.0,27,003,050229
37,60530.0,27,003,050602
38,78339.0,27,003,050605
39,53368.0,27,003,050901
40,59507.0,27,003,051002
41,68636.0,27,003,051103
42,51898.0,27,003,051302
43,69727.0,27,003,050704
44,77708.0,27,003,050107
45,67117.0,27,003,050610
46,93975.0,27,003,050707
47,67656.0,27,003,050709
48,45625.0,27,003,051305
49,38750.0,27,003,051501
50,83929.0,27,003,050111
51,96328.0,27,003,050225
52,93427.0,27,003,050109
53,90000.0,27,003,050115
54,110725.0,27,003,050208
55,91406.0,27,003,050219
56,112336.0,27,003,050222
57,88114.0,27,003,050227
58,54178.0,27,003,050505
59,55125.0,27,003,050607
60,50702.0,27,003,050608
61,73875.0,27,003,050702
62,53854.0,27,003,050706
63,81168.0,27,003,050806
64,40912.0,27,003,051201
65,62417.0,27,003,051202
66,56343.0,27,003,051203
67,75000.0,27,003,050108
68,82368.0,27,003,050110
69,111406.0,27,003,050216
70,98214.0,27,003,050232
71,66575.0,27,003,050712
72,60769.0,27,003,050809
73,55053.0,27,003,050810
74,94904.0,27,003,050116
75,107188.0,27,003,050217
76,53900.0,27,003,051304
77,40436.0,27,003,050501
78,87404.0,27,003,050805
79,95662.0,27,003,050816
80,103517.0,27,003,050821
81,57361.0,27,003,050401
82,133396.0,27,003,050819
83,104671.0,27,003,050820
84,109769.0,27,003,050818
85,49095.0,27,003,050402
86,100550.0,27,003,050237
87,128684.0,27,003,050236
88,86042.0,27,003,051600
89,58846.0,27,005,450200
90,77434.0,27,005,450400
91,31849.0,27,005,450500
92,41615.0,27,005,450600
93,44063.0,27,005,940000
94,70078.0,27,005,450900
95,62730.0,27,005,450300
96,65333.0,27,005,450800
97,73086.0,27,005,450700
98,55263.0,27,005,450100
99,30363.0,27,007,450702
100,46432.0,27,007,450701
101,50291.0,27,007,450400
102,34483.0,27,007,940001
103,52135.0,27,007,450500
104,55897.0,27,007,450100
105,60391.0,27,007,450200
106,64892.0,27,007,450300
107,31159.0,27,007,450600
108,52438.0,27,007,940002
109,71923.0,27,009,020203
110,44375.0,27,009,021102
111,47609.0,27,009,020206
112,71402.0,27,009,020205
113,49641.0,27,009,021101
114,61831.0,27,009,020100
115,70417.0,27,009,020202
116,77697.0,27,009,020300
117,36832.0,27,009,021200
118,41161.0,27,011,950300
119,55221.0,27,011,950200
120,56827.0,27,011,950100
121,60994.0,27,013,171500
122,60170.0,27,013,171400
123,60568.0,27,013,170900
124,76316.0,27,013,170200
125,82115.0,27,013,171300
126,71346.0,27,013,170100
127,63450.0,27,013,171000
128,43451.0,27,013,170300
129,50494.0,27,013,170400
130,49306.0,27,013,170500
131,35389.0,27,013,170600
132,28607.0,27,013,170700
133,66746.0,27,013,170800
134,39948.0,27,013,171202
135,54531.0,27,013,171600
136,34594.0,27,013,171101
137,64632.0,27,015,960700
138,74428.0,27,015,960200
139,64565.0,27,015,960400
140,48203.0,27,015,960500
141,51985.0,27,015,960300
142,50671.0,27,015,960600
143,37988.0,27,015,960102
144,46833.0,27,015,960101
145,44622.0,27,017,070200
146,66620.0,27,017,070400
147,77241.0,27,017,070300
148,51547.0,27,017,070100
149,54408.0,27,017,940000
150,55069.0,27,017,070500
151,54155.0,27,017,070600
152,106806.0,27,019,091100
153,138654.0,27,019,090503
154,64983.0,27,019,091000
155,66484.0,27,019,091201
156,87793.0,27,019,091202
157,134696.0,27,019,090402
158,78110.0,27,019,090100
159,80014.0,27,019,090301
160,127143.0,27,019,090401
161,86859.0,27,019,090800
162,99185.0,27,019,090302
163,129271.0,27,019,090501
164,106838.0,27,019,090900
165,138533.0,27,019,090502
166,157083.0,27,019,090702
167,103413.0,27,019,090701
168,78359.0,27,019,090200
169,83487.0,27,019,090601
170,128654.0,27,019,090602
171,47871.0,27,021,960700
172,42717.0,27,021,960100
173,46158.0,27,021,960600
174,46518.0,27,021,960200
175,49009.0,27,021,940001
176,36125.0,27,021,940002
177,50403.0,27,021,960302
178,58438.0,27,021,960301
179,72225.0,27,021,960801
180,54327.0,27,021,960802
181,60517.0,27,023,950500
182,57222.0,27,023,950400
183,58250.0,27,023,950300
184,53720.0,27,023,950600
185,80139.0,27,025,110100
186,67500.0,27,025,110700
187,61758.0,27,025,110200
188,93190.0,27,025,110600
189,79355.0,27,025,110402
190,73967.0,27,025,110302
191,77034.0,27,025,110502
192,73843.0,27,025,110301
193,87075.0,27,025,110401
194,68475.0,27,025,110501
195,54570.0,27,027,030102
196,31797.0,27,027,020400
197,49409.0,27,027,020600
198,40863.0,27,027,020202
199,89500.0,27,027,030106
200,77966.0,27,027,030202
201,56406.0,27,027,030103
202,80139.0,27,027,030107
203,59896.0,27,027,020100
204,81293.0,27,027,030104
205,72715.0,27,027,030201
206,48641.0,27,027,020300
207,61106.0,27,027,020500
208,42100.0,27,029,000100
209,47367.0,27,029,000300
210,48583.0,27,029,000200
211,49861.0,27,031,480200
212,52386.0,27,031,480100
213,-666666666.0,27,031,990000
214,36579.0,27,033,270400
215,53388.0,27,033,270100
216,54241.0,27,033,270200
217,58274.0,27,033,270300
218,38451.0,27,035,951100
219,42188.0,27,035,950700
220,41756.0,27,035,951200
221,47850.0,27,035,950100
222,51522.0,27,035,950400
223,64781.0,27,035,950800
224,47833.0,27,035,951600
225,34033.0,27,035,951000
226,77378.0,27,035,950900
227,67308.0,27,035,951400
228,58092.0,27,035,951700
229,49875.0,27,035,951302
230,55347.0,27,035,951301
231,59827.0,27,035,950501
232,54306.0,27,035,950502
233,54821.0,27,035,950204
234,45613.0,27,037,060737
235,65682.0,27,037,060741
236,116162.0,27,037,060742
237,100041.0,27,037,060806
238,98594.0,27,037,060817
239,122308.0,27,037,060820
240,72727.0,27,037,060824
241,92128.0,27,037,061001
242,57567.0,27,037,061102
243,57257.0,27,037,061105
244,84926.0,27,037,061502
245,50901.0,27,037,060202
246,49135.0,27,037,060301
247,92768.0,27,037,060507
248,72589.0,27,037,060509
249,81827.0,27,037,060709
250,82963.0,27,037,060714
251,92171.0,27,037,060716
252,111642.0,27,037,060815
253,83946.0,27,037,060821
254,82961.0,27,037,061402
255,70417.0,27,037,060302
256,74508.0,27,037,060506
257,60523.0,27,037,060505
258,99946.0,27,037,060606
259,56829.0,27,037,060101
260,70509.0,27,037,060503
261,86012.0,27,037,060717
262,61957.0,27,037,060726
263,124539.0,27,037,060731
264,74205.0,27,037,060738
265,51769.0,27,037,060805
266,88886.0,27,037,060812
267,59805.0,27,037,060727
268,142174.0,27,037,060732
269,63971.0,27,037,061005
270,81953.0,27,037,061007
271,58717.0,27,037,060402
272,127099.0,27,037,060508
273,58598.0,27,037,060725
274,147273.0,27,037,060730
275,70938.0,27,037,060735
276,86950.0,27,037,060813
277,99474.0,27,037,061401
278,117826.0,27,037,060822
279,58844.0,27,037,060102
280,49041.0,27,037,060104
281,46227.0,27,037,060711
282,137375.0,27,037,060816
283,80496.0,27,037,060818
284,111250.0,27,037,061003
285,68182.0,27,037,061108
286,73778.0,27,037,061107
287,106471.0,27,037,060814
288,41490.0,27,037,060105
289,96130.0,27,037,060902
290,55104.0,27,037,061106
291,72917.0,27,037,060103
292,75104.0,27,037,060201
293,111174.0,27,037,060603
294,51927.0,27,037,060710
295,68910.0,27,037,060721
296,117048.0,27,037,060729
297,83218.0,27,037,060733
298,72787.0,27,037,060739
299,75046.0,27,037,060811
300,86453.0,27,037,060826
301,131630.0,27,037,061004
302,59643.0,27,037,060502
303,99167.0,27,037,060728
304,115255.0,27,037,060825
305,111250.0,27,037,060734
306,103077.0,27,037,060604
307,116679.0,27,037,060819
308,56552.0,27,037,060401
309,76776.0,27,037,060748
310,55183.0,27,037,060750
311,115250.0,27,037,060744
312,55938.0,27,037,060743
313,56603.0,27,037,060745
314,64049.0,27,037,060746
315,115558.0,27,037,060907
316,76250.0,27,037,060905
317,88657.0,27,037,060906
318,62279.0,27,037,061008
319,65375.0,27,037,060829
320,118603.0,27,037,060823
321,88083.0,27,037,061501
322,84219.0,27,037,060605
323,88459.0,27,037,060713
324,104028.0,27,037,061009
325,59650.0,27,037,060904
326,64063.0,27,037,060747
327,60272.0,27,037,060749
328,75529.0,27,037,060828
329,69672.0,27,039,950500
330,89348.0,27,039,950100
331,73032.0,27,039,950400
332,62695.0,27,039,950200
333,58550.0,27,039,950300
334,70489.0,27,041,450500
335,44643.0,27,041,450600
336,73906.0,27,041,450900
337,59821.0,27,041,450800
338,60156.0,27,041,450200
339,65385.0,27,041,450100
340,69397.0,27,041,451000
341,61071.0,27,041,450702
342,42500.0,27,041,450701
343,62847.0,27,043,460100
344,55064.0,27,043,460500
345,57813.0,27,043,460300
346,46071.0,27,043,460400
347,43992.0,27,043,460600
348,48646.0,27,043,460200
349,53831.0,27,045,960300
350,66211.0,27,045,960200
351,55043.0,27,045,960600
352,57188.0,27,045,960100
353,52721.0,27,045,960500
354,56023.0,27,045,960400
355,59934.0,27,047,180300
356,61438.0,27,047,180400
357,53286.0,27,047,180500
358,38542.0,27,047,180600
359,59079.0,27,047,180700
360,31141.0,27,047,180800
361,35043.0,27,047,180900
362,56321.0,27,047,181000
363,62708.0,27,047,180200
364,71625.0,27,047,180100
365,67500.0,27,049,080800
366,71641.0,27,049,080300
367,47188.0,27,049,080200
368,87083.0,27,049,080500
369,80000.0,27,049,080400
370,66492.0,27,049,080700
371,59076.0,27,049,080600
372,45280.0,27,049,080101
373,60033.0,27,049,080900
374,61483.0,27,049,080102
375,54113.0,27,051,070100
376,53229.0,27,051,070200
377,76818.0,27,053,000603
378,51964.0,27,053,008300
379,89554.0,27,053,011800
380,54792.0,27,053,012101
381,59963.0,27,053,020500
382,54880.0,27,053,020801
383,72978.0,27,053,020903
384,60494.0,27,053,021002
385,33939.0,27,053,021502
386,47846.0,27,053,022302
387,75233.0,27,053,022901
388,53113.0,27,053,023300
389,78654.0,27,053,024500
390,110185.0,27,053,023502
391,235556.0,27,053,023600
392,89013.0,27,053,023802
393,52907.0,27,053,024600
394,43021.0,27,053,000102
395,54921.0,27,053,007700
396,36985.0,27,053,021300
397,91875.0,27,053,021700
398,87565.0,27,053,022101
399,72321.0,27,053,022301
400,72083.0,27,053,025301
401,46937.0,27,053,024004
402,84925.0,27,053,024200
403,55295.0,27,053,024300
404,73893.0,27,053,025801
405,58322.0,27,053,025803
406,92008.0,27,053,026005
407,71154.0,27,053,026006
408,69384.0,27,053,026007
409,123000.0,27,053,026014
410,106250.0,27,053,026202
411,97292.0,27,053,026206
412,93017.0,27,053,026208
413,96905.0,27,053,026508
414,106107.0,27,053,026610
415,52569.0,27,053,026702
416,153468.0,27,053,026716
417,73190.0,27,053,025701
418,67739.0,27,053,025702
419,86431.0,27,053,025903
420,103947.0,27,053,025905
421,113409.0,27,053,026015
422,108227.0,27,053,026016
423,127422.0,27,053,026509
424,39194.0,27,053,026810
425,68823.0,27,053,026816
426,56714.0,27,053,026818
427,107446.0,27,053,026820
428,108469.0,27,053,026907
429,107571.0,27,053,027001
430,124306.0,27,053,027503
431,58240.0,27,053,000101
432,64028.0,27,053,011998
433,90179.0,27,053,012001
434,74653.0,27,053,012102
435,39267.0,27,053,020200
436,58750.0,27,053,020301
437,61641.0,27,053,021504
438,62566.0,27,053,022102
439,108173.0,27,053,022902
440,111167.0,27,053,023700
441,128542.0,27,053,023801
442,125229.0,27,053,023901
443,90441.0,27,053,024003
444,59292.0,27,053,024801
445,83033.0,27,053,025907
446,108603.0,27,053,026201
447,103250.0,27,053,026205
448,100417.0,27,053,026301
449,109194.0,27,053,026302
450,72143.0,27,053,026507
451,59592.0,27,053,026511
452,94152.0,27,053,026706
453,83697.0,27,053,026710
454,82088.0,27,053,026812
455,87500.0,27,053,027202
456,131705.0,27,053,027504
457,130700.0,27,053,027700
458,49033.0,27,053,100700
459,23018.0,27,053,103900
460,39598.0,27,053,100800
461,61442.0,27,053,103000
462,22365.0,27,053,103400
463,96645.0,27,053,106600
464,78210.0,27,053,108000
465,17551.0,27,053,106000
466,28750.0,27,053,106400
467,74622.0,27,053,107600
468,86786.0,27,053,109000
469,76031.0,27,053,110500
470,69531.0,27,053,122500
471,45156.0,27,053,108800
472,79116.0,27,053,108900
473,62109.0,27,053,110000
474,79122.0,27,053,111100
475,133464.0,27,053,111200
476,115962.0,27,053,111600
477,66319.0,27,053,003200
478,33152.0,27,053,006800
479,51375.0,27,053,008400
480,47549.0,27,053,008500
481,77759.0,27,053,011000
482,66635.0,27,053,020102
483,48600.0,27,053,020304
484,75000.0,27,053,022000
485,151080.0,27,053,023100
486,46911.0,27,053,024802
487,56273.0,27,053,025403
488,61375.0,27,053,025605
489,94000.0,27,053,025802
490,68000.0,27,053,026207
491,89464.0,27,053,026713
492,101686.0,27,053,026714
493,138317.0,27,053,026715
494,57277.0,27,053,026807
495,67308.0,27,053,026903
496,91141.0,27,053,026908
497,120231.0,27,053,026909
498,102708.0,27,053,027102
499,48661.0,27,053,101800
500,39777.0,27,053,102100
501,20950.0,27,053,102300
502,35833.0,27,053,102900
503,67716.0,27,053,109700
504,79475.0,27,053,109900
505,34563.0,27,053,103100
506,63229.0,27,053,110100
507,130363.0,27,053,111300
508,92527.0,27,053,026906
509,95541.0,27,053,027002
510,72965.0,27,053,027300
511,31293.0,27,053,100400
512,71523.0,27,053,026711
513,79519.0,27,053,026712
514,87966.0,27,053,026910
515,45547.0,27,053,100500
516,24792.0,27,053,101600
517,49000.0,27,053,102500
518,71389.0,27,053,000300
519,72904.0,27,053,000601
520,43542.0,27,053,002200
521,43250.0,27,053,002700
522,100368.0,27,053,020101
523,62206.0,27,053,021100
524,71522.0,27,053,023501
525,55712.0,27,053,020804
526,70130.0,27,053,023000
527,73924.0,27,053,025205
528,80266.0,27,053,025906
529,68417.0,27,053,026814
530,75725.0,27,053,027203
531,136815.0,27,053,027400
532,75821.0,27,053,101200
533,70234.0,27,053,024901
534,74867.0,27,053,026708
535,77451.0,27,053,026815
536,51179.0,27,053,101900
537,73232.0,27,053,026811
538,22250.0,27,053,105700
539,116058.0,27,053,106500
540,46417.0,27,053,109400
541,44526.0,27,053,100900
542,46917.0,27,053,107400
543,95225.0,27,053,026505
544,31282.0,27,053,026819
545,36639.0,27,053,100200
546,35000.0,27,053,003800
547,50000.0,27,053,020302
548,81136.0,27,053,020902
549,75141.0,27,053,024100
550,100724.0,27,053,026101
551,31827.0,27,053,102800
552,105000.0,27,053,105100
553,78412.0,27,053,105500
554,36000.0,27,053,103700
555,39514.0,27,053,104000
556,40486.0,27,053,104100
557,21557.0,27,053,104900
558,65167.0,27,053,001100
559,48304.0,27,053,002400
560,28000.0,27,053,003300
561,123472.0,27,053,010600
562,117237.0,27,053,011703
563,104934.0,27,053,011704
564,59898.0,27,053,012003
565,51667.0,27,053,021503
566,64018.0,27,053,021602
567,69707.0,27,053,022400
568,71250.0,27,053,022700
569,101306.0,27,053,023903
570,36692.0,27,053,024400
571,73264.0,27,053,024902
572,50345.0,27,053,024903
573,52372.0,27,053,025201
574,52344.0,27,053,025302
575,61094.0,27,053,025401
576,72188.0,27,053,025805
577,142202.0,27,053,026018
578,55518.0,27,053,026402
579,119387.0,27,053,026404
580,39529.0,27,053,026809
581,85288.0,27,053,027602
582,54960.0,27,053,102000
583,92500.0,27,053,103600
584,20126.0,27,053,104800
585,65511.0,27,053,108700
586,40842.0,27,053,105600
587,29426.0,27,053,106200
588,47917.0,27,053,108600
589,60287.0,27,053,109300
590,103226.0,27,053,109800
591,83197.0,27,053,110200
592,57232.0,27,053,110400
593,84566.0,27,053,110800
594,48406.0,27,053,125500
595,59500.0,27,053,104400
596,55875.0,27,053,106700
597,35387.0,27,053,106900
598,70758.0,27,053,109100
599,53238.0,27,053,109200
600,136188.0,27,053,111400
601,95788.0,27,053,122600
602,104762.0,27,053,026605
603,113384.0,27,053,026606
604,79421.0,27,053,027501
605,73338.0,27,053,026611
606,126629.0,27,053,027101
607,142986.0,27,053,027201
608,75035.0,27,053,027601
609,46008.0,27,053,105400
610,40658.0,27,053,101300
611,60000.0,27,053,102600
612,37776.0,27,053,107000
613,65694.0,27,053,107500
614,86196.0,27,053,110900
615,100489.0,27,053,111500
616,52368.0,27,053,022802
617,92663.0,27,053,021601
618,91250.0,27,053,021900
619,18995.0,27,053,126000
620,50954.0,27,053,125800
621,36164.0,27,053,125700
622,67868.0,27,053,125600
623,68309.0,27,053,022200
624,186042.0,27,053,023902
625,69273.0,27,053,024700
626,68561.0,27,053,025601
627,80196.0,27,053,025603
628,115200.0,27,053,026013
629,22731.0,27,053,005902
630,58471.0,27,053,008100
631,121583.0,27,053,010700
632,58750.0,27,053,020303
633,51473.0,27,053,020400
634,50366.0,27,053,020600
635,68199.0,27,053,020700
636,65047.0,27,053,026514
637,82450.0,27,053,026609
638,45819.0,27,053,001700
639,16918.0,27,053,005901
640,30821.0,27,053,007801
641,28520.0,27,053,008200
642,63690.0,27,053,009500
643,67778.0,27,053,009600
644,63232.0,27,053,021001
645,80967.0,27,053,021200
646,75694.0,27,053,021400
647,47292.0,27,053,021501
648,74228.0,27,053,021505
649,101146.0,27,053,021800
650,124946.0,27,053,022801
651,60341.0,27,053,023200
652,49569.0,27,053,023400
653,55125.0,27,053,025100
654,62679.0,27,053,026403
655,72990.0,27,053,026510
656,68472.0,27,053,026512
657,92039.0,27,053,026707
658,104832.0,27,053,126200
659,73900.0,27,053,126100
660,17083.0,27,053,980000
661,69972.0,27,053,026020
662,137702.0,27,053,026613
663,109345.0,27,053,026612
664,103861.0,27,053,026823
665,79734.0,27,053,026822
666,91698.0,27,053,026103
667,43355.0,27,053,125900
668,22271.0,27,053,105204
669,56483.0,27,053,105201
670,138088.0,27,053,026021
671,162917.0,27,053,026022
672,72357.0,27,053,026019
673,56554.0,27,053,024005
674,69667.0,27,053,026104
675,133281.0,27,053,024006
676,62273.0,27,055,020200
677,57944.0,27,055,020100
678,53370.0,27,055,020900
679,60769.0,27,055,020300
680,46979.0,27,055,020500
681,47904.0,27,057,070400
682,49352.0,27,057,070300
683,61080.0,27,057,070200
684,54271.0,27,057,070500
685,58793.0,27,057,070700
686,65350.0,27,057,070100
687,34861.0,27,057,070600
688,71010.0,27,059,130502
689,48705.0,27,059,130302
690,76809.0,27,059,130501
691,60059.0,27,059,130301
692,79821.0,27,059,130400
693,65406.0,27,059,130100
694,51507.0,27,059,130200
695,76295.0,27,059,130600
696,57481.0,27,061,480400
697,48403.0,27,061,480300
698,41969.0,27,061,480100
699,48695.0,27,061,480900
700,47340.0,27,061,481000
701,49107.0,27,061,940000
702,57159.0,27,061,480600
703,66026.0,27,061,480700
704,48493.0,27,061,480500
705,43623.0,27,061,480802
706,70568.0,27,061,480801
707,61696.0,27,063,480200
708,61815.0,27,063,480100
709,46455.0,27,063,480400
710,54722.0,27,063,480300
711,55139.0,27,065,480200
712,39130.0,27,065,480300
713,59406.0,27,065,480400
714,50217.0,27,065,480100
715,61220.0,27,067,780300
716,45507.0,27,067,780500
717,66336.0,27,067,780400
718,54643.0,27,067,780700
719,38750.0,27,067,780800
720,37773.0,27,067,770900
721,47917.0,27,067,781000
722,65833.0,27,067,780200
723,77628.0,27,067,780600
724,59904.0,27,067,781100
725,64276.0,27,067,781200
726,67250.0,27,067,780100
727,60542.0,27,069,090200
728,45446.0,27,069,090100
729,59643.0,27,071,790300
730,43125.0,27,071,790500
731,40525.0,27,071,790100
732,43289.0,27,071,790200
733,48750.0,27,073,180100
734,50250.0,27,073,180200
735,50707.0,27,073,180300
736,-666666666.0,27,075,990100
737,48080.0,27,075,370300
738,67748.0,27,075,370100
739,50321.0,27,075,370400
740,39821.0,27,077,460300
741,59115.0,27,077,460400
742,84107.0,27,079,950100
743,68487.0,27,079,950600
744,59315.0,27,079,950500
745,61615.0,27,079,950200
746,61875.0,27,079,950300
747,62240.0,27,079,950400
748,50774.0,27,081,201002
749,51283.0,27,081,201001
750,77454.0,27,083,360200
751,60625.0,27,083,360600
752,58393.0,27,083,360100
753,38470.0,27,083,360500
754,68750.0,27,083,360300
755,46042.0,27,083,360400
756,43363.0,27,083,360700
757,51691.0,27,085,950700
758,57582.0,27,085,950400
759,60436.0,27,085,950100
760,76167.0,27,085,950200
761,66179.0,27,085,950600
762,54405.0,27,085,950300
763,60985.0,27,085,950500
764,40909.0,27,087,940100
765,46012.0,27,087,940300
766,55114.0,27,089,080100
767,59632.0,27,089,080300
768,58553.0,27,089,080400
769,56500.0,27,089,080200
770,54926.0,27,091,790100
771,58750.0,27,091,790200
772,61250.0,27,091,790400
773,58269.0,27,091,790300
774,66139.0,27,091,790500
775,37852.0,27,091,790600
776,52250.0,27,093,560600
777,66576.0,27,093,560500
778,63969.0,27,093,560100
779,66389.0,27,093,560200
780,52440.0,27,093,560300
781,56645.0,27,093,560400
782,62824.0,27,095,170400
783,49780.0,27,095,170500
784,69853.0,27,095,170600
785,53348.0,27,095,170700
786,41328.0,27,095,970100
787,55871.0,27,095,970300
788,37935.0,27,095,970200
789,59438.0,27,097,780800
790,56172.0,27,097,780500
791,57973.0,27,097,780200
792,35493.0,27,097,780600
793,59453.0,27,097,780400
794,46286.0,27,097,780100
795,42448.0,27,097,780700
796,68000.0,27,097,780300
797,27771.0,27,099,000410
798,70096.0,27,099,001200
799,63056.0,27,099,000200
800,46250.0,27,099,000800
801,56534.0,27,099,001300
802,51029.0,27,099,000600
803,71207.0,27,099,001400
804,46424.0,27,099,000100
805,78750.0,27,099,000900
806,49375.0,27,099,000300
807,60368.0,27,099,001000
808,50524.0,27,101,900300
809,52344.0,27,101,900200
810,68289.0,27,101,900100
811,69656.0,27,103,480200
812,64340.0,27,103,480501
813,50574.0,27,103,480600
814,71607.0,27,103,480100
815,56006.0,27,103,480300
816,57708.0,27,103,480400
817,71786.0,27,103,480502
818,56600.0,27,105,105200
819,44788.0,27,105,105500
820,53945.0,27,105,105300
821,63147.0,27,105,105100
822,46875.0,27,105,105400
823,60504.0,27,105,105600
824,56071.0,27,107,960100
825,50119.0,27,107,960200
826,51328.0,27,107,960300
827,43616.0,27,109,000300
828,34464.0,27,109,000500
829,37734.0,27,109,000600
830,99397.0,27,109,001402
831,70156.0,27,109,001501
832,102357.0,27,109,001602
833,95404.0,27,109,001603
834,23309.0,27,109,000100
835,81389.0,27,109,001202
836,65245.0,27,109,001502
837,48565.0,27,109,001702
838,102344.0,27,109,001703
839,106618.0,27,109,001201
840,53244.0,27,109,001701
841,90000.0,27,109,001800
842,91681.0,27,109,000903
843,59100.0,27,109,001000
844,61480.0,27,109,001601
845,68939.0,27,109,000400
846,71429.0,27,109,001100
847,97760.0,27,109,001900
848,57417.0,27,109,002100
849,63558.0,27,109,000902
850,155000.0,27,109,001203
851,64351.0,27,109,000901
852,72868.0,27,109,001301
853,48625.0,27,109,001401
854,91583.0,27,109,001503
855,41157.0,27,109,000200
856,85662.0,27,109,002200
857,82004.0,27,109,001302
858,71716.0,27,109,002000
859,98185.0,27,109,002300
860,65221.0,27,111,960400
861,54464.0,27,111,960500
862,51658.0,27,111,960600
863,73906.0,27,111,960800
864,46786.0,27,111,961300
865,57419.0,27,111,961400
866,38004.0,27,111,961000
867,44401.0,27,111,960900
868,58065.0,27,111,961600
869,57788.0,27,111,960700
870,50975.0,27,111,961500
871,56944.0,27,111,961100
872,56154.0,27,111,961200
873,76385.0,27,111,961700
874,52115.0,27,111,960300
875,70391.0,27,111,960103
876,66012.0,27,111,960102
877,79625.0,27,113,090300
878,63819.0,27,113,090100
879,48042.0,27,113,090200
880,47692.0,27,113,090400
881,46406.0,27,113,090500
882,36701.0,27,115,950700
883,53438.0,27,115,950100
884,61736.0,27,115,950600
885,55266.0,27,115,950800
886,50469.0,27,115,950200
887,42900.0,27,115,950300
888,44028.0,27,115,950400
889,42399.0,27,115,950500
890,56375.0,27,117,460100
891,63125.0,27,117,460400
892,53239.0,27,117,460500
893,41500.0,27,117,460200
894,37270.0,27,117,460300
895,66761.0,27,119,020500
896,83864.0,27,119,020300
897,57083.0,27,119,020800
898,48378.0,27,119,021000
899,78646.0,27,119,020400
900,46643.0,27,119,020700
901,52589.0,27,119,020900
902,46482.0,27,119,020100
903,42024.0,27,119,020200
904,55101.0,27,119,020600
905,54293.0,27,121,970100
906,59821.0,27,121,970200
907,66750.0,27,121,970300
908,53261.0,27,121,970400
909,43188.0,27,123,034601
910,73068.0,27,123,035500
911,58241.0,27,123,036800
912,60529.0,27,123,040200
913,71216.0,27,123,040402
914,71150.0,27,123,040704
915,-666666666.0,27,123,040802
916,48438.0,27,123,041103
917,95855.0,27,123,041105
918,70469.0,27,123,041400
919,70833.0,27,123,041800
920,36875.0,27,123,030400
921,55952.0,27,123,030702
922,44070.0,27,123,030800
923,41896.0,27,123,031600
924,49303.0,27,123,031802
925,28235.0,27,123,031900
926,42772.0,27,123,032600
927,53450.0,27,123,033200
928,73750.0,27,123,035000
929,101250.0,27,123,035700
930,24659.0,27,123,035900
931,74074.0,27,123,037000
932,96863.0,27,123,037500
933,100232.0,27,123,040100
934,65887.0,27,123,040401
935,51223.0,27,123,041107
936,69313.0,27,123,041301
937,41800.0,27,123,042001
938,68015.0,27,123,042102
939,72713.0,27,123,040503
940,66031.0,27,123,041302
941,49149.0,27,123,041602
942,32714.0,27,123,031000
943,71096.0,27,123,032300
944,40000.0,27,123,033100
945,28530.0,27,123,033400
946,79044.0,27,123,036300
947,81343.0,27,123,036400
948,60565.0,27,123,036700
949,42457.0,27,123,036900
950,53415.0,27,123,033500
951,50926.0,27,123,034000
952,52245.0,27,123,034602
953,60781.0,27,123,035100
954,73710.0,27,123,035200
955,51306.0,27,123,031100
956,53260.0,27,123,032000
957,33000.0,27,123,033000
958,16089.0,27,123,033700
959,41984.0,27,123,037602
960,97727.0,27,123,040301
961,71434.0,27,123,040504
962,71660.0,27,123,030100
963,47955.0,27,123,031200
964,34844.0,27,123,032700
965,53385.0,27,123,030704
966,66125.0,27,123,033300
967,61810.0,27,123,040302
968,89022.0,27,123,041106
969,69362.0,27,123,030602
970,47054.0,27,123,032100
971,82233.0,27,123,030300
972,54125.0,27,123,033900
973,93047.0,27,123,040603
974,78208.0,27,123,040801
975,74005.0,27,123,035300
976,84010.0,27,123,036600
977,67931.0,27,123,040502
978,62639.0,27,123,040901
979,68438.0,27,123,041002
980,80667.0,27,123,041104
981,39431.0,27,123,041200
982,76437.0,27,123,041500
983,92262.0,27,123,041900
984,64000.0,27,123,042402
985,50109.0,27,123,042602
986,33343.0,27,123,031300
987,30644.0,27,123,031400
988,34167.0,27,123,031500
989,32093.0,27,123,031801
990,41250.0,27,123,034400
991,41814.0,27,123,034500
992,21429.0,27,123,036100
993,79315.0,27,123,036500
994,47429.0,27,123,037200
995,52865.0,27,123,037403
996,65000.0,27,123,040604
997,84681.0,27,123,040703
998,100667.0,27,123,040803
999,47807.0,27,123,040902
1000,66214.0,27,123,041700
1001,47390.0,27,123,042002
1002,82273.0,27,123,042301
1003,64063.0,27,123,030703
1004,65054.0,27,123,042601
1005,31489.0,27,123,030500
1006,37367.0,27,123,030601
1007,56576.0,27,123,032200
1008,51458.0,27,123,030900
1009,53068.0,27,123,033800
1010,46142.0,27,123,034701
1011,42138.0,27,123,034702
1012,43598.0,27,123,042101
1013,61126.0,27,123,042202
1014,58644.0,27,123,042401
1015,74962.0,27,123,041001
1016,73011.0,27,123,041601
1017,61538.0,27,123,035800
1018,61654.0,27,123,034900
1019,49438.0,27,123,037100
1020,53613.0,27,123,037402
1021,65699.0,27,123,037601
1022,126613.0,27,123,040601
1023,86597.0,27,123,040705
1024,91629.0,27,123,040706
1025,99545.0,27,123,040707
1026,65833.0,27,123,042201
1027,60691.0,27,123,042302
1028,52788.0,27,123,042501
1029,62134.0,27,123,042700
1030,17156.0,27,123,033600
1031,51513.0,27,123,032400
1032,34805.0,27,123,032500
1033,77011.0,27,123,036000
1034,-666666666.0,27,123,980000
1035,80606.0,27,123,042900
1036,61921.0,27,123,030202
1037,30604.0,27,123,031702
1038,52800.0,27,123,031701
1039,72823.0,27,123,030201
1040,47939.0,27,123,034202
1041,73250.0,27,123,042504
1042,40441.0,27,123,034201
1043,122386.0,27,123,042503
1044,21333.0,27,123,042800
1045,105947.0,27,123,043000
1046,53594.0,27,125,010200
1047,51953.0,27,125,010100
1048,56615.0,27,127,750400
1049,57036.0,27,127,750100
1050,49000.0,27,127,750600
1051,50521.0,27,127,750200
1052,43036.0,27,127,750300
1053,53816.0,27,127,750500
1054,50929.0,27,129,790600
1055,54977.0,27,129,790500
1056,58241.0,27,129,790400
1057,60263.0,27,129,790200
1058,60865.0,27,129,790300
1059,57500.0,27,129,790100
1060,95625.0,27,131,070200
1061,80707.0,27,131,070400
1062,46716.0,27,131,070700
1063,77396.0,27,131,070100
1064,70225.0,27,131,070300
1065,50864.0,27,131,070800
1066,57927.0,27,131,070602
1067,50701.0,27,131,070504
1068,50460.0,27,131,070902
1069,43063.0,27,131,070601
1070,58553.0,27,131,070501
1071,47071.0,27,131,070901
1072,82054.0,27,131,070503
1073,62270.0,27,133,570100
1074,52304.0,27,133,570300
1075,58594.0,27,133,570200
1076,57587.0,27,135,970400
1077,55625.0,27,135,970500
1078,58910.0,27,135,970300
1079,52857.0,27,135,970100
1080,57500.0,27,135,970200
1081,29803.0,27,137,013000
1082,42417.0,27,137,014100
1083,81515.0,27,137,010500
1084,42675.0,27,137,012400
1085,48917.0,27,137,015500
1086,30536.0,27,137,001400
1087,30643.0,27,137,001800
1088,36761.0,27,137,003700
1089,43409.0,27,137,003800
1090,69981.0,27,137,000100
1091,63259.0,27,137,000600
1092,26841.0,27,137,001200
1093,21635.0,27,137,001600
1094,50903.0,27,137,003400
1095,49583.0,27,137,013200
1096,72806.0,27,137,013400
1097,22404.0,27,137,001700
1098,41336.0,27,137,002000
1099,59896.0,27,137,002200
1100,50028.0,27,137,000300
1101,55058.0,27,137,012800
1102,54889.0,27,137,015400
1103,47615.0,27,137,013300
1104,68349.0,27,137,002300
1105,53828.0,27,137,002400
1106,40685.0,27,137,012600
1107,72162.0,27,137,010300
1108,76094.0,27,137,010600
1109,64458.0,27,137,015100
1110,48421.0,27,137,011200
1111,55690.0,27,137,001000
1112,67857.0,27,137,010200
1113,71515.0,27,137,010400
1114,52454.0,27,137,011300
1115,59485.0,27,137,011400
1116,51852.0,27,137,012700
1117,48269.0,27,137,013500
1118,45625.0,27,137,013600
1119,41688.0,27,137,013800
1120,51361.0,27,137,014000
1121,72668.0,27,137,000200
1122,12591.0,27,137,001900
1123,46172.0,27,137,002600
1124,30547.0,27,137,012200
1125,51875.0,27,137,003000
1126,46964.0,27,137,003300
1127,46754.0,27,137,003600
1128,60406.0,27,137,012100
1129,23692.0,27,137,013100
1130,93750.0,27,137,000500
1131,57656.0,27,137,000400
1132,114950.0,27,137,000700
1133,62813.0,27,137,001100
1134,56460.0,27,137,010100
1135,74596.0,27,137,011100
1136,40820.0,27,137,012500
1137,36037.0,27,137,015300
1138,26875.0,27,137,001300
1139,51901.0,27,137,013900
1140,57742.0,27,137,015200
1141,53680.0,27,137,000900
1142,52250.0,27,137,002900
1143,43667.0,27,137,012300
1144,24149.0,27,137,015600
1145,36658.0,27,137,015700
1146,39981.0,27,137,015800
1147,-666666666.0,27,137,990100
1148,47928.0,27,139,080100
1149,147039.0,27,139,080202
1150,86796.0,27,139,080203
1151,75236.0,27,139,080600
1152,80337.0,27,139,081300
1153,87895.0,27,139,080204
1154,82500.0,27,139,080700
1155,72723.0,27,139,080800
1156,76583.0,27,139,080904
1157,127022.0,27,139,081000
1158,99219.0,27,139,080906
1159,79620.0,27,139,081200
1160,114375.0,27,139,080201
1161,53158.0,27,139,080500
1162,83303.0,27,139,080301
1163,123750.0,27,139,080903
1164,111099.0,27,139,080302
1165,99364.0,27,139,080905
1166,119375.0,27,139,081100
1167,50737.0,27,139,080400
1168,117923.0,27,139,080205
1169,81618.0,27,141,030300
1170,92127.0,27,141,030200
1171,76958.0,27,141,030502
1172,83214.0,27,141,030402
1173,86484.0,27,141,030102
1174,90934.0,27,141,030403
1175,89925.0,27,141,030404
1176,86037.0,27,141,030101
1177,74013.0,27,141,030503
1178,108724.0,27,141,030504
1179,41898.0,27,141,031500
1180,56750.0,27,143,170200
1181,61279.0,27,143,170400
1182,56083.0,27,143,170300
1183,64630.0,27,143,170198
1184,67679.0,27,145,010402
1185,53814.0,27,145,011301
1186,71094.0,27,145,011302
1187,77944.0,27,145,011304
1188,53141.0,27,145,011500
1189,80625.0,27,145,010200
1190,64487.0,27,145,010500
1191,53015.0,27,145,010900
1192,49531.0,27,145,000602
1193,48382.0,27,145,000701
1194,66071.0,27,145,001001
1195,62979.0,27,145,011100
1196,63950.0,27,145,011400
1197,43983.0,27,145,000901
1198,51715.0,27,145,010600
1199,70270.0,27,145,011200
1200,46449.0,27,145,000301
1201,29729.0,27,145,000302
1202,42107.0,27,145,000500
1203,44714.0,27,145,000601
1204,75938.0,27,145,010401
1205,67534.0,27,145,010403
1206,56129.0,27,145,011000
1207,41128.0,27,145,000801
1208,103116.0,27,145,010101
1209,13704.0,27,145,011600
1210,46386.0,27,145,000401
1211,99107.0,27,145,000402
1212,70492.0,27,145,010102
1213,60636.0,27,147,960800
1214,65536.0,27,147,960300
1215,69205.0,27,147,960500
1216,42582.0,27,147,960600
1217,45308.0,27,147,960400
1218,71719.0,27,147,960700
1219,72542.0,27,147,960200
1220,68893.0,27,147,960100
1221,63884.0,27,149,480100
1222,63800.0,27,149,480300
1223,43648.0,27,149,480200
1224,52198.0,27,151,960100
1225,76875.0,27,151,960300
1226,41343.0,27,151,960200
1227,42413.0,27,151,960400
1228,56886.0,27,153,790700
1229,54034.0,27,153,790400
1230,39000.0,27,153,790600
1231,57257.0,27,153,790500
1232,50708.0,27,153,790200
1233,47000.0,27,153,790300
1234,57841.0,27,153,790800
1235,39703.0,27,153,790100
1236,51296.0,27,155,460200
1237,46739.0,27,155,460100
1238,75927.0,27,157,490400
1239,71420.0,27,157,490500
1240,70811.0,27,157,490200
1241,59620.0,27,157,490600
1242,45893.0,27,157,490100
1243,55271.0,27,157,490300
1244,45202.0,27,159,480100
1245,47969.0,27,159,480200
1246,41915.0,27,159,480300
1247,70179.0,27,161,790100
1248,71757.0,27,161,790300
1249,54196.0,27,161,790200
1250,50676.0,27,161,790500
1251,46161.0,27,161,790400
1252,133807.0,27,163,070405
1253,71042.0,27,163,070406
1254,73021.0,27,163,070602
1255,118750.0,27,163,070701
1256,-666666666.0,27,163,070802
1257,95694.0,27,163,070106
1258,87171.0,27,163,070205
1259,128973.0,27,163,071011
1260,131359.0,27,163,071018
1261,109167.0,27,163,070403
1262,-666666666.0,27,163,070801
1263,103651.0,27,163,071010
1264,60474.0,27,163,070910
1265,90854.0,27,163,071006
1266,145972.0,27,163,071016
1267,102703.0,27,163,071017
1268,94042.0,27,163,070204
1269,117546.0,27,163,070404
1270,72537.0,27,163,070502
1271,78301.0,27,163,070601
1272,91875.0,27,163,070909
1273,107050.0,27,163,071015
1274,80352.0,27,163,071101
1275,91795.0,27,163,071206
1276,97448.0,27,163,071209
1277,75815.0,27,163,070704
1278,82813.0,27,163,070906
1279,91523.0,27,163,071013
1280,104698.0,27,163,071102
1281,104861.0,27,163,070501
1282,110727.0,27,163,070303
1283,63445.0,27,163,071003
1284,85949.0,27,163,070203
1285,146250.0,27,163,070301
1286,71764.0,27,163,070304
1287,59526.0,27,163,070703
1288,101667.0,27,163,070105
1289,57455.0,27,163,070907
1290,72656.0,27,163,071001
1291,70231.0,27,163,071300
1292,75053.0,27,163,071012
1293,124929.0,27,163,071014
1294,100591.0,27,163,071207
1295,73869.0,27,163,071208
1296,52971.0,27,163,070103
1297,60366.0,27,163,070104
1298,105806.0,27,163,070206
1299,41379.0,27,163,070912
1300,63496.0,27,163,070911
1301,83998.0,27,163,071400
1302,43605.0,27,165,950200
1303,52857.0,27,165,950100
1304,62621.0,27,165,950300
1305,41250.0,27,167,950200
1306,66481.0,27,167,950100
1307,66887.0,27,169,670100
1308,70933.0,27,169,670800
1309,68042.0,27,169,670900
1310,66105.0,27,169,671000
1311,54363.0,27,169,670200
1312,62963.0,27,169,670300
1313,40687.0,27,169,670700
1314,44696.0,27,169,670600
1315,41350.0,27,169,670400
1316,22279.0,27,169,670500
1317,59675.0,27,171,100203
1318,67012.0,27,171,100702
1319,94757.0,27,171,100801
1320,61683.0,27,171,101200
1321,80951.0,27,171,100300
1322,80902.0,27,171,101000
1323,82500.0,27,171,100202
1324,61607.0,27,171,101300
1325,60076.0,27,171,100400
1326,74778.0,27,171,101100
1327,96172.0,27,171,100802
1328,74886.0,27,171,100900
1329,80164.0,27,171,100703
1330,99882.0,27,171,100100
1331,71319.0,27,171,100204
1332,62147.0,27,171,100701
1333,69957.0,27,171,100500
1334,57574.0,27,173,970100
1335,58068.0,27,173,970300
1336,54643.0,27,173,970400
1337,48333.0,27,173,970200
